-- MySQL dump 10.16  Distrib 10.1.41-MariaDB, for Linux (x86_64)
--
-- Host: localhost    Database: thehouse_opt
-- ------------------------------------------------------
-- Server version	10.1.41-MariaDB

/*!40101 SET @OLD_CHARACTER_SET_CLIENT=@@CHARACTER_SET_CLIENT */;
/*!40101 SET @OLD_CHARACTER_SET_RESULTS=@@CHARACTER_SET_RESULTS */;
/*!40101 SET @OLD_COLLATION_CONNECTION=@@COLLATION_CONNECTION */;
/*!40101 SET NAMES utf8 */;
/*!40103 SET @OLD_TIME_ZONE=@@TIME_ZONE */;
/*!40103 SET TIME_ZONE='+00:00' */;
/*!40014 SET @OLD_UNIQUE_CHECKS=@@UNIQUE_CHECKS, UNIQUE_CHECKS=0 */;
/*!40014 SET @OLD_FOREIGN_KEY_CHECKS=@@FOREIGN_KEY_CHECKS, FOREIGN_KEY_CHECKS=0 */;
/*!40101 SET @OLD_SQL_MODE=@@SQL_MODE, SQL_MODE='NO_AUTO_VALUE_ON_ZERO' */;
/*!40111 SET @OLD_SQL_NOTES=@@SQL_NOTES, SQL_NOTES=0 */;

--
-- Table structure for table `campaign_channels`
--

DROP TABLE IF EXISTS `campaign_channels`;
/*!40101 SET @saved_cs_client     = @@character_set_client */;
/*!40101 SET character_set_client = utf8 */;
CREATE TABLE `campaign_channels` (
  `ID` int(11) NOT NULL AUTO_INCREMENT COMMENT 'Primary Key',
  `campaignID` int(11) NOT NULL COMMENT 'FK of campaigns',
  `name` varchar(255) NOT NULL COMMENT 'Name of campaign',
  `startDate` date NOT NULL COMMENT 'Start date for running',
  `endDate` date NOT NULL COMMENT 'End date for running',
  `hasExtraWeek` tinyint(1) NOT NULL COMMENT 'True if extra option checked',
  PRIMARY KEY (`ID`)
) ENGINE=InnoDB AUTO_INCREMENT=15 DEFAULT CHARSET=latin1;
/*!40101 SET character_set_client = @saved_cs_client */;

--
-- Dumping data for table `campaign_channels`
--

LOCK TABLES `campaign_channels` WRITE;
/*!40000 ALTER TABLE `campaign_channels` DISABLE KEYS */;
INSERT INTO `campaign_channels` VALUES (1,36,'online','2019-07-01','2019-11-15',1),(2,37,'online','2019-08-19','2019-12-29',1),(3,38,'online','2019-03-25','2019-05-05',1),(4,39,'online','2019-11-01','2019-12-31',1),(5,40,'online','2019-07-22','2019-09-01',0),(6,41,'online','2019-11-18','2019-12-22',1),(7,42,'online','2019-11-18','2019-12-22',1),(8,43,'online','2019-01-13','2019-01-31',1),(9,44,'online','2019-11-15','2019-11-30',1),(10,45,'online','2019-11-25','2019-12-01',1),(11,46,'online','2019-11-25','2019-11-30',1),(12,47,'online','2019-11-25','2019-11-30',1),(13,48,'online','2020-01-27','2020-02-23',1),(14,49,'online','2020-02-10','2020-06-21',0);
/*!40000 ALTER TABLE `campaign_channels` ENABLE KEYS */;
UNLOCK TABLES;

--
-- Table structure for table `campaign_channels_distribution`
--

DROP TABLE IF EXISTS `campaign_channels_distribution`;
/*!40101 SET @saved_cs_client     = @@character_set_client */;
/*!40101 SET character_set_client = utf8 */;
CREATE TABLE `campaign_channels_distribution` (
  `ID` int(11) NOT NULL AUTO_INCREMENT COMMENT 'Primary Key',
  `mediaID` int(11) NOT NULL COMMENT 'FK of campaign_channels_media',
  `distributionCount` int(11) NOT NULL COMMENT 'Count of distribution',
  `weekNumber` int(11) NOT NULL COMMENT 'Week number for this distribution',
  `changedDateTime` timestamp NOT NULL DEFAULT CURRENT_TIMESTAMP,
  PRIMARY KEY (`ID`)
) ENGINE=InnoDB AUTO_INCREMENT=1733 DEFAULT CHARSET=latin1;
/*!40101 SET character_set_client = @saved_cs_client */;

--
-- Dumping data for table `campaign_channels_distribution`
--

LOCK TABLES `campaign_channels_distribution` WRITE;
/*!40000 ALTER TABLE `campaign_channels_distribution` DISABLE KEYS */;
INSERT INTO `campaign_channels_distribution` VALUES (499,8,21,13,'2019-11-01 15:46:22'),(500,8,5000,14,'2019-11-01 15:46:22'),(501,8,5000,15,'2019-11-01 15:46:22'),(502,8,5000,16,'2019-11-01 15:46:22'),(503,8,5000,17,'2019-11-01 15:46:22'),(504,8,5000,18,'2019-11-01 15:46:22'),(511,15,6493,13,'2019-11-01 15:51:06'),(512,15,6493,14,'2019-11-01 15:51:06'),(513,15,6493,15,'2019-11-01 15:51:06'),(514,15,6493,16,'2019-11-01 15:51:06'),(515,15,6493,17,'2019-11-01 15:51:06'),(516,15,6493,18,'2019-11-01 15:51:06'),(517,16,26667,13,'2019-11-01 15:54:50'),(518,16,26667,14,'2019-11-01 15:54:50'),(519,16,26667,15,'2019-11-01 15:54:50'),(520,16,26667,16,'2019-11-01 15:54:50'),(521,16,26667,17,'2019-11-01 15:54:50'),(522,16,26667,18,'2019-11-01 15:54:50'),(523,17,11333,13,'2019-11-01 15:58:09'),(524,17,11333,14,'2019-11-01 15:58:09'),(525,17,11333,15,'2019-11-01 15:58:09'),(526,17,11333,16,'2019-11-01 15:58:09'),(527,17,11333,17,'2019-11-01 15:58:09'),(528,17,11333,18,'2019-11-01 15:58:09'),(529,9,20833,13,'2019-11-01 16:10:11'),(530,9,20833,14,'2019-11-01 16:10:11'),(531,9,20833,15,'2019-11-01 16:10:11'),(532,9,20833,16,'2019-11-01 16:10:11'),(533,9,20833,17,'2019-11-01 16:10:11'),(534,9,20833,18,'2019-11-01 16:10:11'),(535,18,33333,13,'2019-11-01 16:11:34'),(536,18,33333,14,'2019-11-01 16:11:34'),(537,18,33333,15,'2019-11-01 16:11:34'),(538,18,33333,16,'2019-11-01 16:11:34'),(539,18,33333,17,'2019-11-01 16:11:34'),(540,18,33333,18,'2019-11-01 16:11:34'),(541,19,35000,13,'2019-11-01 16:16:08'),(542,19,35000,14,'2019-11-01 16:16:08'),(543,19,35000,15,'2019-11-01 16:16:08'),(544,19,35000,16,'2019-11-01 16:16:08'),(545,19,35000,17,'2019-11-01 16:16:08'),(546,19,35000,18,'2019-11-01 16:16:08'),(547,20,36833,13,'2019-11-01 16:17:48'),(548,20,36833,14,'2019-11-01 16:17:48'),(549,20,36833,15,'2019-11-01 16:17:48'),(550,20,36833,16,'2019-11-01 16:17:48'),(551,20,36833,17,'2019-11-01 16:17:48'),(552,20,36833,18,'2019-11-01 16:17:48'),(649,10,0,13,'2019-11-05 09:25:21'),(650,10,0,14,'2019-11-05 09:25:21'),(651,10,0,15,'2019-11-05 09:25:21'),(652,10,0,16,'2019-11-05 09:25:21'),(653,10,0,17,'2019-11-05 09:25:21'),(654,10,0,18,'2019-11-05 09:25:21'),(655,21,0,13,'2019-11-05 09:26:23'),(656,21,0,14,'2019-11-05 09:26:23'),(657,21,0,15,'2019-11-05 09:26:23'),(658,21,0,16,'2019-11-05 09:26:23'),(659,21,0,17,'2019-11-05 09:26:23'),(660,21,0,18,'2019-11-05 09:26:23'),(667,22,0,13,'2019-11-05 09:27:31'),(668,22,0,14,'2019-11-05 09:27:31'),(669,22,0,15,'2019-11-05 09:27:31'),(670,22,0,16,'2019-11-05 09:27:31'),(671,22,0,17,'2019-11-05 09:27:31'),(672,22,0,18,'2019-11-05 09:27:31'),(673,11,28623,13,'2019-11-05 09:28:44'),(674,11,28623,14,'2019-11-05 09:28:44'),(675,11,28623,15,'2019-11-05 09:28:44'),(676,11,28623,16,'2019-11-05 09:28:44'),(677,11,28623,17,'2019-11-05 09:28:44'),(678,11,28623,18,'2019-11-05 09:28:44'),(679,23,20833,13,'2019-11-05 09:30:35'),(680,23,20833,14,'2019-11-05 09:30:35'),(681,23,20833,15,'2019-11-05 09:30:35'),(682,23,20833,16,'2019-11-05 09:30:35'),(683,23,20833,17,'2019-11-05 09:30:35'),(684,23,20833,18,'2019-11-05 09:30:35'),(685,24,9103,13,'2019-11-05 09:36:48'),(686,24,9103,14,'2019-11-05 09:36:48'),(687,24,9103,15,'2019-11-05 09:36:48'),(688,24,9103,16,'2019-11-05 09:36:48'),(689,24,9103,17,'2019-11-05 09:36:48'),(690,24,9103,18,'2019-11-05 09:36:48'),(691,25,14650,13,'2019-11-05 09:38:07'),(692,25,14650,14,'2019-11-05 09:38:07'),(693,25,14650,15,'2019-11-05 09:38:07'),(694,25,14650,16,'2019-11-05 09:38:07'),(695,25,14650,17,'2019-11-05 09:38:07'),(696,25,14650,18,'2019-11-05 09:38:07'),(697,12,58333,13,'2019-11-05 09:49:09'),(698,12,58333,14,'2019-11-05 09:49:09'),(699,12,58333,15,'2019-11-05 09:49:09'),(700,12,58333,16,'2019-11-05 09:49:09'),(701,12,58333,17,'2019-11-05 09:49:09'),(702,12,58333,18,'2019-11-05 09:49:09'),(703,26,50000,13,'2019-11-05 09:50:53'),(704,26,50000,14,'2019-11-05 09:50:53'),(705,26,50000,15,'2019-11-05 09:50:53'),(706,26,50000,16,'2019-11-05 09:50:53'),(707,26,50000,17,'2019-11-05 09:50:53'),(708,26,50000,18,'2019-11-05 09:50:53'),(709,13,370,13,'2019-11-05 09:52:12'),(710,13,370,14,'2019-11-05 09:52:12'),(711,13,370,15,'2019-11-05 09:52:12'),(712,13,370,16,'2019-11-05 09:52:12'),(713,13,370,17,'2019-11-05 09:52:12'),(714,13,370,18,'2019-11-05 09:52:12'),(715,27,556,13,'2019-11-05 09:54:23'),(716,27,556,14,'2019-11-05 09:54:23'),(717,27,556,15,'2019-11-05 09:54:23'),(718,27,556,16,'2019-11-05 09:54:23'),(719,27,556,17,'2019-11-05 09:54:23'),(720,27,556,18,'2019-11-05 09:54:23'),(721,14,0,13,'2019-11-05 09:56:20'),(722,14,0,14,'2019-11-05 09:56:20'),(723,14,0,15,'2019-11-05 09:56:20'),(724,14,0,16,'2019-11-05 09:56:20'),(725,14,0,17,'2019-11-05 09:56:20'),(726,14,0,18,'2019-11-05 09:56:20'),(803,28,50000,30,'2019-11-05 10:47:23'),(804,28,50000,31,'2019-11-05 10:47:23'),(805,28,50000,32,'2019-11-05 10:47:23'),(806,28,50000,33,'2019-11-05 10:47:23'),(807,28,50000,34,'2019-11-05 10:47:23'),(808,28,50000,35,'2019-11-05 10:47:23'),(809,31,3335,30,'2019-11-05 10:47:23'),(810,31,3333,31,'2019-11-05 10:47:23'),(811,31,3333,32,'2019-11-05 10:47:23'),(812,31,3333,33,'2019-11-05 10:47:23'),(813,31,3333,34,'2019-11-05 10:47:23'),(814,31,3333,35,'2019-11-05 10:47:23'),(815,32,0,30,'2019-11-05 10:47:23'),(816,32,0,31,'2019-11-05 10:47:23'),(817,32,0,32,'2019-11-05 10:47:23'),(818,32,0,33,'2019-11-05 10:47:23'),(819,32,0,34,'2019-11-05 10:47:23'),(820,32,0,35,'2019-11-05 10:47:23'),(821,55,0,30,'2019-11-05 10:47:23'),(822,55,0,31,'2019-11-05 10:47:23'),(823,55,0,32,'2019-11-05 10:47:23'),(824,55,0,33,'2019-11-05 10:47:23'),(825,55,0,34,'2019-11-05 10:47:23'),(826,55,0,35,'2019-11-05 10:47:23'),(827,56,0,30,'2019-11-05 10:47:23'),(828,56,0,31,'2019-11-05 10:47:23'),(829,56,0,32,'2019-11-05 10:47:23'),(830,56,0,33,'2019-11-05 10:47:23'),(831,56,0,34,'2019-11-05 10:47:23'),(832,56,0,35,'2019-11-05 10:47:23'),(833,57,0,30,'2019-11-05 10:47:23'),(834,57,0,31,'2019-11-05 10:47:23'),(835,57,0,32,'2019-11-05 10:47:23'),(836,57,0,33,'2019-11-05 10:47:23'),(837,57,0,34,'2019-11-05 10:47:23'),(838,57,0,35,'2019-11-05 10:47:23'),(839,59,0,30,'2019-11-05 10:47:23'),(840,59,0,31,'2019-11-05 10:47:23'),(841,59,0,32,'2019-11-05 10:47:23'),(842,59,0,33,'2019-11-05 10:47:23'),(843,59,0,34,'2019-11-05 10:47:23'),(844,59,0,35,'2019-11-05 10:47:23'),(845,30,0,30,'2019-11-05 10:47:23'),(846,30,0,31,'2019-11-05 10:47:23'),(847,30,0,32,'2019-11-05 10:47:23'),(848,30,0,33,'2019-11-05 10:47:23'),(849,30,0,34,'2019-11-05 10:47:23'),(850,30,0,35,'2019-11-05 10:47:23'),(851,54,8333,30,'2019-11-05 10:47:23'),(852,54,8333,31,'2019-11-05 10:47:23'),(853,54,8333,32,'2019-11-05 10:47:23'),(854,54,8333,33,'2019-11-05 10:47:23'),(855,54,8333,34,'2019-11-05 10:47:23'),(856,54,8333,35,'2019-11-05 10:47:23'),(857,58,8333,30,'2019-11-05 10:47:23'),(858,58,8333,31,'2019-11-05 10:47:23'),(859,58,8333,32,'2019-11-05 10:47:23'),(860,58,8333,33,'2019-11-05 10:47:23'),(861,58,8333,34,'2019-11-05 10:47:23'),(862,58,8333,35,'2019-11-05 10:47:23'),(887,1,25000,27,'2019-11-13 14:17:17'),(888,1,25000,28,'2019-11-13 14:17:17'),(889,1,25000,29,'2019-11-13 14:17:17'),(890,1,25000,30,'2019-11-13 14:17:17'),(891,1,25000,31,'2019-11-13 14:17:17'),(892,1,25000,32,'2019-11-13 14:17:17'),(893,1,25000,33,'2019-11-13 14:17:17'),(894,1,25000,34,'2019-11-13 14:17:17'),(895,1,25000,35,'2019-11-13 14:17:17'),(896,1,25000,36,'2019-11-13 14:17:17'),(897,1,25000,37,'2019-11-13 14:17:17'),(898,1,25000,38,'2019-11-13 14:17:17'),(899,1,25000,39,'2019-11-13 14:17:17'),(900,1,25000,40,'2019-11-13 14:17:17'),(901,1,25000,41,'2019-11-13 14:17:17'),(902,1,25000,42,'2019-11-13 14:17:17'),(903,1,25000,43,'2019-11-13 14:17:17'),(904,1,25000,44,'2019-11-13 14:17:17'),(905,1,25000,45,'2019-11-13 14:17:17'),(906,1,25000,46,'2019-11-13 14:17:17'),(907,6,60000,27,'2019-11-13 14:17:17'),(908,6,60000,28,'2019-11-13 14:17:17'),(909,6,60000,29,'2019-11-13 14:17:17'),(910,6,60000,30,'2019-11-13 14:17:17'),(911,6,60000,31,'2019-11-13 14:17:17'),(912,6,60000,32,'2019-11-13 14:17:17'),(913,6,60000,33,'2019-11-13 14:17:17'),(914,6,60000,34,'2019-11-13 14:17:17'),(915,6,60000,35,'2019-11-13 14:17:17'),(916,6,60000,36,'2019-11-13 14:17:17'),(917,6,60000,37,'2019-11-13 14:17:17'),(918,6,60000,38,'2019-11-13 14:17:17'),(919,6,60000,39,'2019-11-13 14:17:17'),(920,6,60000,40,'2019-11-13 14:17:17'),(921,6,60000,41,'2019-11-13 14:17:17'),(922,6,60000,42,'2019-11-13 14:17:17'),(923,6,60000,43,'2019-11-13 14:17:17'),(924,6,60000,44,'2019-11-13 14:17:17'),(925,6,60000,45,'2019-11-13 14:17:17'),(926,6,60000,46,'2019-11-13 14:17:17'),(927,60,100000,27,'2019-11-13 14:17:17'),(928,60,100000,28,'2019-11-13 14:17:17'),(929,60,100000,29,'2019-11-13 14:17:17'),(930,60,100000,30,'2019-11-13 14:17:17'),(931,60,100000,31,'2019-11-13 14:17:17'),(932,60,100000,32,'2019-11-13 14:17:17'),(933,60,100000,33,'2019-11-13 14:17:17'),(934,60,100000,34,'2019-11-13 14:17:17'),(935,60,100000,35,'2019-11-13 14:17:17'),(936,60,100000,36,'2019-11-13 14:17:17'),(937,60,100000,37,'2019-11-13 14:17:17'),(938,60,100000,38,'2019-11-13 14:17:17'),(939,60,100000,39,'2019-11-13 14:17:17'),(940,60,100000,40,'2019-11-13 14:17:17'),(941,60,100000,41,'2019-11-13 14:17:17'),(942,60,100000,42,'2019-11-13 14:17:17'),(943,60,100000,43,'2019-11-13 14:17:17'),(944,60,100000,44,'2019-11-13 14:17:17'),(945,60,100000,45,'2019-11-13 14:17:17'),(946,60,100000,46,'2019-11-13 14:17:17'),(947,2,55000,27,'2019-11-13 14:17:17'),(948,2,55000,28,'2019-11-13 14:17:17'),(949,2,55000,29,'2019-11-13 14:17:17'),(950,2,55000,30,'2019-11-13 14:17:17'),(951,2,55000,31,'2019-11-13 14:17:17'),(952,2,55000,32,'2019-11-13 14:17:17'),(953,2,55000,33,'2019-11-13 14:17:17'),(954,2,55000,34,'2019-11-13 14:17:17'),(955,2,55000,35,'2019-11-13 14:17:17'),(956,2,55000,36,'2019-11-13 14:17:17'),(957,2,55000,37,'2019-11-13 14:17:17'),(958,2,55000,38,'2019-11-13 14:17:17'),(959,2,55000,39,'2019-11-13 14:17:17'),(960,2,55000,40,'2019-11-13 14:17:17'),(961,2,55000,41,'2019-11-13 14:17:17'),(962,2,55000,42,'2019-11-13 14:17:17'),(963,2,55000,43,'2019-11-13 14:17:17'),(964,2,55000,44,'2019-11-13 14:17:17'),(965,2,55000,45,'2019-11-13 14:17:17'),(966,2,55000,46,'2019-11-13 14:17:17'),(967,3,175000,27,'2019-11-13 14:17:17'),(968,3,175000,28,'2019-11-13 14:17:17'),(969,3,175000,29,'2019-11-13 14:17:17'),(970,3,175000,30,'2019-11-13 14:17:17'),(971,3,175000,31,'2019-11-13 14:17:17'),(972,3,175000,32,'2019-11-13 14:17:17'),(973,3,175000,33,'2019-11-13 14:17:17'),(974,3,175000,34,'2019-11-13 14:17:17'),(975,3,175000,35,'2019-11-13 14:17:17'),(976,3,175000,36,'2019-11-13 14:17:17'),(977,3,175000,37,'2019-11-13 14:17:17'),(978,3,175000,38,'2019-11-13 14:17:17'),(979,3,175000,39,'2019-11-13 14:17:17'),(980,3,175000,40,'2019-11-13 14:17:17'),(981,3,175000,41,'2019-11-13 14:17:17'),(982,3,175000,42,'2019-11-13 14:17:17'),(983,3,175000,43,'2019-11-13 14:17:17'),(984,3,175000,44,'2019-11-13 14:17:17'),(985,3,175000,45,'2019-11-13 14:17:17'),(986,3,175000,46,'2019-11-13 14:17:17'),(987,4,0,27,'2019-11-13 14:17:17'),(988,4,0,28,'2019-11-13 14:17:17'),(989,4,0,29,'2019-11-13 14:17:17'),(990,4,0,30,'2019-11-13 14:17:17'),(991,4,0,31,'2019-11-13 14:17:17'),(992,4,0,32,'2019-11-13 14:17:17'),(993,4,0,33,'2019-11-13 14:17:17'),(994,4,0,34,'2019-11-13 14:17:17'),(995,4,0,35,'2019-11-13 14:17:17'),(996,4,0,36,'2019-11-13 14:17:17'),(997,4,0,37,'2019-11-13 14:17:17'),(998,4,0,38,'2019-11-13 14:17:17'),(999,4,0,39,'2019-11-13 14:17:17'),(1000,4,0,40,'2019-11-13 14:17:17'),(1001,4,0,41,'2019-11-13 14:17:17'),(1002,4,0,42,'2019-11-13 14:17:17'),(1003,4,0,43,'2019-11-13 14:17:17'),(1004,4,0,44,'2019-11-13 14:17:17'),(1005,4,0,45,'2019-11-13 14:17:17'),(1006,4,0,46,'2019-11-13 14:17:17'),(1007,7,0,27,'2019-11-13 14:17:17'),(1008,7,0,28,'2019-11-13 14:17:17'),(1009,7,0,29,'2019-11-13 14:17:17'),(1010,7,0,30,'2019-11-13 14:17:17'),(1011,7,0,31,'2019-11-13 14:17:17'),(1012,7,0,32,'2019-11-13 14:17:17'),(1013,7,0,33,'2019-11-13 14:17:17'),(1014,7,0,34,'2019-11-13 14:17:17'),(1015,7,0,35,'2019-11-13 14:17:17'),(1016,7,0,36,'2019-11-13 14:17:17'),(1017,7,0,37,'2019-11-13 14:17:17'),(1018,7,0,38,'2019-11-13 14:17:17'),(1019,7,0,39,'2019-11-13 14:17:17'),(1020,7,0,40,'2019-11-13 14:17:17'),(1021,7,0,41,'2019-11-13 14:17:17'),(1022,7,0,42,'2019-11-13 14:17:17'),(1023,7,0,43,'2019-11-13 14:17:17'),(1024,7,0,44,'2019-11-13 14:17:17'),(1025,7,0,45,'2019-11-13 14:17:17'),(1026,7,0,46,'2019-11-13 14:17:17'),(1027,5,175000,27,'2019-11-13 14:17:17'),(1028,5,175000,28,'2019-11-13 14:17:17'),(1029,5,175000,29,'2019-11-13 14:17:17'),(1030,5,175000,30,'2019-11-13 14:17:17'),(1031,5,175000,31,'2019-11-13 14:17:17'),(1032,5,175000,32,'2019-11-13 14:17:17'),(1033,5,175000,33,'2019-11-13 14:17:17'),(1034,5,175000,34,'2019-11-13 14:17:17'),(1035,5,175000,35,'2019-11-13 14:17:17'),(1036,5,175000,36,'2019-11-13 14:17:17'),(1037,5,175000,37,'2019-11-13 14:17:17'),(1038,5,175000,38,'2019-11-13 14:17:17'),(1039,5,175000,39,'2019-11-13 14:17:17'),(1040,5,175000,40,'2019-11-13 14:17:17'),(1041,5,175000,41,'2019-11-13 14:17:17'),(1042,5,175000,42,'2019-11-13 14:17:17'),(1043,5,175000,43,'2019-11-13 14:17:17'),(1044,5,175000,44,'2019-11-13 14:17:17'),(1045,5,175000,45,'2019-11-13 14:17:17'),(1046,5,175000,46,'2019-11-13 14:17:17'),(1052,61,4600,47,'2019-11-14 15:14:05'),(1053,61,4600,48,'2019-11-14 15:14:05'),(1054,61,4600,49,'2019-11-14 15:14:05'),(1055,61,4600,50,'2019-11-14 15:14:05'),(1056,61,4600,51,'2019-11-14 15:14:05'),(1057,63,80000,47,'2019-11-14 15:15:27'),(1058,63,80000,48,'2019-11-14 15:15:27'),(1059,63,80000,49,'2019-11-14 15:15:27'),(1060,63,80000,50,'2019-11-14 15:15:27'),(1061,63,80000,51,'2019-11-14 15:15:27'),(1062,62,50000,47,'2019-11-14 15:19:54'),(1063,62,50000,48,'2019-11-14 15:19:54'),(1064,62,0,49,'2019-11-14 15:19:54'),(1065,62,50000,50,'2019-11-14 15:19:54'),(1066,62,50000,51,'2019-11-14 15:19:54'),(1067,71,70000,47,'2019-11-14 15:25:31'),(1068,71,70000,48,'2019-11-14 15:25:31'),(1069,71,0,49,'2019-11-14 15:25:31'),(1070,71,70000,50,'2019-11-14 15:25:31'),(1071,71,70000,51,'2019-11-14 15:25:31'),(1082,72,50000,47,'2019-11-14 15:30:43'),(1083,72,50000,48,'2019-11-14 15:30:43'),(1084,72,0,49,'2019-11-14 15:30:43'),(1085,72,50000,50,'2019-11-14 15:30:43'),(1086,72,50000,51,'2019-11-14 15:30:43'),(1087,73,20000,47,'2019-11-14 15:33:13'),(1088,73,20000,48,'2019-11-14 15:33:13'),(1089,73,20000,49,'2019-11-14 15:33:13'),(1090,73,20000,50,'2019-11-14 15:33:13'),(1091,73,20000,51,'2019-11-14 15:33:13'),(1092,74,57500,47,'2019-11-15 09:59:18'),(1093,74,57500,48,'2019-11-15 09:59:18'),(1094,74,0,49,'2019-11-15 09:59:18'),(1095,74,57500,50,'2019-11-15 09:59:18'),(1096,74,57500,51,'2019-11-15 09:59:18'),(1097,77,265442,47,'2019-11-15 10:01:14'),(1098,77,265441,48,'2019-11-15 10:01:14'),(1099,77,0,49,'2019-11-15 10:01:14'),(1100,77,265441,50,'2019-11-15 10:01:14'),(1101,77,265441,51,'2019-11-15 10:01:14'),(1107,78,100000,47,'2019-11-15 10:02:57'),(1108,78,100000,48,'2019-11-15 10:02:57'),(1109,78,0,49,'2019-11-15 10:02:57'),(1110,78,100000,50,'2019-11-15 10:02:57'),(1111,78,100000,51,'2019-11-15 10:02:57'),(1117,79,15000,47,'2019-11-15 10:05:02'),(1118,79,15000,48,'2019-11-15 10:05:02'),(1119,79,0,49,'2019-11-15 10:05:02'),(1120,79,15000,50,'2019-11-15 10:05:02'),(1121,79,15000,51,'2019-11-15 10:05:02'),(1122,80,37500,47,'2019-11-15 10:07:24'),(1123,80,37500,48,'2019-11-15 10:07:24'),(1124,80,0,49,'2019-11-15 10:07:24'),(1125,80,37500,50,'2019-11-15 10:07:24'),(1126,80,37500,51,'2019-11-15 10:07:24'),(1162,75,0,47,'2019-11-15 10:12:53'),(1163,75,0,48,'2019-11-15 10:12:53'),(1164,75,0,49,'2019-11-15 10:12:53'),(1165,75,0,50,'2019-11-15 10:12:53'),(1166,75,0,51,'2019-11-15 10:12:53'),(1167,81,0,47,'2019-11-15 10:14:02'),(1168,81,0,48,'2019-11-15 10:14:02'),(1169,81,0,49,'2019-11-15 10:14:02'),(1170,81,0,50,'2019-11-15 10:14:02'),(1171,81,0,51,'2019-11-15 10:14:02'),(1172,82,0,47,'2019-11-15 10:16:46'),(1173,82,0,48,'2019-11-15 10:16:46'),(1174,82,0,49,'2019-11-15 10:16:46'),(1175,82,0,50,'2019-11-15 10:16:46'),(1176,82,0,51,'2019-11-15 10:16:46'),(1177,76,50000,47,'2019-11-15 10:18:26'),(1178,76,50000,48,'2019-11-15 10:18:26'),(1179,76,0,49,'2019-11-15 10:18:26'),(1180,76,50000,50,'2019-11-15 10:18:26'),(1181,76,50000,51,'2019-11-15 10:18:26'),(1182,83,98315,47,'2019-11-15 10:21:05'),(1183,83,98315,48,'2019-11-15 10:21:05'),(1184,83,0,49,'2019-11-15 10:21:05'),(1185,83,98315,50,'2019-11-15 10:21:05'),(1186,83,98314,51,'2019-11-15 10:21:05'),(1192,85,25000,47,'2019-11-15 10:25:47'),(1193,85,25000,48,'2019-11-15 10:25:47'),(1194,85,0,49,'2019-11-15 10:25:47'),(1195,85,25000,50,'2019-11-15 10:25:47'),(1196,85,25000,51,'2019-11-15 10:25:47'),(1197,86,12500,47,'2019-11-15 10:27:33'),(1198,86,12500,48,'2019-11-15 10:27:33'),(1199,86,0,49,'2019-11-15 10:27:33'),(1200,86,12500,50,'2019-11-15 10:27:33'),(1201,86,12500,51,'2019-11-15 10:27:33'),(1202,87,58050,47,'2019-11-15 10:28:42'),(1203,87,58050,48,'2019-11-15 10:28:42'),(1204,87,0,49,'2019-11-15 10:28:42'),(1205,87,58050,50,'2019-11-15 10:28:42'),(1206,87,58048,51,'2019-11-15 10:28:42'),(1207,88,9500,47,'2019-11-15 10:30:25'),(1208,88,9500,48,'2019-11-15 10:30:25'),(1209,88,0,49,'2019-11-15 10:30:25'),(1210,88,9500,50,'2019-11-15 10:30:25'),(1211,88,9500,51,'2019-11-15 10:30:25'),(1212,89,75000,47,'2019-11-15 10:32:00'),(1213,89,75000,48,'2019-11-15 10:32:00'),(1214,89,0,49,'2019-11-15 10:32:00'),(1215,89,75000,50,'2019-11-15 10:32:00'),(1216,89,75000,51,'2019-11-15 10:32:00'),(1217,90,83000,47,'2019-11-15 10:33:13'),(1218,90,83000,48,'2019-11-15 10:33:13'),(1219,90,0,49,'2019-11-15 10:33:13'),(1220,90,83000,50,'2019-11-15 10:33:13'),(1221,90,83000,51,'2019-11-15 10:33:13'),(1222,91,250000,2,'2019-11-15 14:11:49'),(1223,91,250000,3,'2019-11-15 14:11:49'),(1224,91,250000,4,'2019-11-15 14:11:49'),(1225,91,250000,5,'2019-11-15 14:11:49'),(1226,93,50000,2,'2019-11-15 14:16:17'),(1227,93,50000,3,'2019-11-15 14:16:17'),(1228,93,50000,4,'2019-11-15 14:16:17'),(1229,93,50000,5,'2019-11-15 14:16:17'),(1238,140,12500,2,'2019-11-15 15:21:46'),(1239,140,12500,3,'2019-11-15 15:21:46'),(1240,140,12500,4,'2019-11-15 15:21:46'),(1241,140,12500,5,'2019-11-15 15:21:46'),(1242,94,125000,2,'2019-11-15 15:25:02'),(1243,94,125000,3,'2019-11-15 15:25:02'),(1244,94,125000,4,'2019-11-15 15:25:02'),(1245,94,125000,5,'2019-11-15 15:25:02'),(1246,131,25000,2,'2019-11-17 05:56:42'),(1247,131,25000,3,'2019-11-17 05:56:42'),(1248,131,25000,4,'2019-11-17 05:56:42'),(1249,131,25000,5,'2019-11-17 05:56:42'),(1250,84,40000,47,'2019-11-19 15:00:57'),(1251,84,40000,48,'2019-11-19 15:00:57'),(1252,84,40000,49,'2019-11-19 15:00:57'),(1253,84,40000,50,'2019-11-19 15:00:57'),(1254,84,40000,51,'2019-11-19 15:00:57'),(1317,156,6452,7,'2019-11-21 15:58:39'),(1318,156,6452,8,'2019-11-21 15:58:39'),(1319,156,6452,9,'2019-11-21 15:58:39'),(1320,156,6452,10,'2019-11-21 15:58:39'),(1321,156,6452,11,'2019-11-21 15:58:39'),(1322,156,6452,12,'2019-11-21 15:58:39'),(1323,156,6452,13,'2019-11-21 15:58:39'),(1324,156,6452,14,'2019-11-21 15:58:39'),(1325,156,6452,15,'2019-11-21 15:58:39'),(1326,156,6452,16,'2019-11-21 15:58:39'),(1327,156,6452,17,'2019-11-21 15:58:39'),(1328,156,6452,18,'2019-11-21 15:58:39'),(1329,156,6452,19,'2019-11-21 15:58:39'),(1330,156,6452,20,'2019-11-21 15:58:39'),(1331,156,6452,21,'2019-11-21 15:58:39'),(1332,156,6452,22,'2019-11-21 15:58:39'),(1333,156,6452,23,'2019-11-21 15:58:39'),(1334,156,6452,24,'2019-11-21 15:58:39'),(1335,156,6452,25,'2019-11-21 15:58:39'),(1336,156,6452,26,'2019-11-21 15:58:39'),(1337,156,6452,27,'2019-11-21 15:58:39'),(1338,156,6452,28,'2019-11-21 15:58:39'),(1339,156,6452,29,'2019-11-21 15:58:39'),(1340,156,6452,30,'2019-11-21 15:58:39'),(1341,156,6452,31,'2019-11-21 15:58:39'),(1342,156,6452,32,'2019-11-21 15:58:39'),(1343,156,6452,33,'2019-11-21 15:58:39'),(1344,156,6452,34,'2019-11-21 15:58:39'),(1345,156,6452,35,'2019-11-21 15:58:39'),(1346,156,6452,36,'2019-11-21 15:58:39'),(1347,156,6452,37,'2019-11-21 15:58:39'),(1410,153,32105,7,'2019-12-03 08:38:30'),(1411,153,32105,8,'2019-12-03 08:38:30'),(1412,153,32105,9,'2019-12-03 08:38:30'),(1413,153,32105,10,'2019-12-03 08:38:30'),(1414,153,32105,11,'2019-12-03 08:38:30'),(1415,153,32105,12,'2019-12-03 08:38:30'),(1416,153,32105,13,'2019-12-03 08:38:30'),(1417,153,32105,14,'2019-12-03 08:38:30'),(1418,153,32105,15,'2019-12-03 08:38:30'),(1419,153,32105,16,'2019-12-03 08:38:30'),(1420,153,32105,17,'2019-12-03 08:38:30'),(1421,153,32105,18,'2019-12-03 08:38:30'),(1422,153,32105,19,'2019-12-03 08:38:30'),(1423,153,32105,20,'2019-12-03 08:38:30'),(1424,153,32105,21,'2019-12-03 08:38:30'),(1425,153,32105,22,'2019-12-03 08:38:30'),(1426,153,32105,23,'2019-12-03 08:38:30'),(1427,153,32105,24,'2019-12-03 08:38:30'),(1428,153,32105,25,'2019-12-03 08:38:30'),(1429,161,50000,7,'2019-12-03 08:38:30'),(1430,161,50000,8,'2019-12-03 08:38:30'),(1431,161,50000,9,'2019-12-03 08:38:30'),(1432,161,50000,10,'2019-12-03 08:38:30'),(1433,161,50000,11,'2019-12-03 08:38:30'),(1434,161,50000,12,'2019-12-03 08:38:30'),(1435,161,50000,13,'2019-12-03 08:38:30'),(1436,161,50000,14,'2019-12-03 08:38:30'),(1437,161,50000,15,'2019-12-03 08:38:30'),(1438,161,50000,16,'2019-12-03 08:38:30'),(1439,161,50000,17,'2019-12-03 08:38:30'),(1440,161,50000,18,'2019-12-03 08:38:30'),(1441,161,50000,19,'2019-12-03 08:38:30'),(1442,161,50000,20,'2019-12-03 08:38:30'),(1443,161,50000,21,'2019-12-03 08:38:30'),(1444,161,50000,22,'2019-12-03 08:38:30'),(1445,161,50000,23,'2019-12-03 08:38:30'),(1446,161,50000,24,'2019-12-03 08:38:30'),(1447,161,50000,25,'2019-12-03 08:38:30'),(1448,162,0,7,'2019-12-03 08:38:30'),(1449,162,0,8,'2019-12-03 08:38:30'),(1450,162,0,9,'2019-12-03 08:38:30'),(1451,162,0,10,'2019-12-03 08:38:30'),(1452,162,0,11,'2019-12-03 08:38:30'),(1453,162,0,12,'2019-12-03 08:38:30'),(1454,162,0,13,'2019-12-03 08:38:30'),(1455,162,0,14,'2019-12-03 08:38:30'),(1456,162,0,15,'2019-12-03 08:38:30'),(1457,162,0,16,'2019-12-03 08:38:30'),(1458,162,0,17,'2019-12-03 08:38:30'),(1459,162,0,18,'2019-12-03 08:38:30'),(1460,162,0,19,'2019-12-03 08:38:30'),(1461,162,0,20,'2019-12-03 08:38:30'),(1462,162,0,21,'2019-12-03 08:38:30'),(1463,162,0,22,'2019-12-03 08:38:30'),(1464,162,0,23,'2019-12-03 08:38:30'),(1465,162,0,24,'2019-12-03 08:38:30'),(1466,162,0,25,'2019-12-03 08:38:30'),(1467,154,0,7,'2019-12-03 08:38:30'),(1468,154,0,8,'2019-12-03 08:38:30'),(1469,154,0,9,'2019-12-03 08:38:30'),(1470,154,0,10,'2019-12-03 08:38:30'),(1471,154,0,11,'2019-12-03 08:38:30'),(1472,154,0,12,'2019-12-03 08:38:30'),(1473,154,0,13,'2019-12-03 08:38:30'),(1474,154,0,14,'2019-12-03 08:38:30'),(1475,154,0,15,'2019-12-03 08:38:30'),(1476,154,0,16,'2019-12-03 08:38:30'),(1477,154,0,17,'2019-12-03 08:38:30'),(1478,154,0,18,'2019-12-03 08:38:30'),(1479,154,0,19,'2019-12-03 08:38:30'),(1480,154,0,20,'2019-12-03 08:38:30'),(1481,154,0,21,'2019-12-03 08:38:30'),(1482,154,0,22,'2019-12-03 08:38:30'),(1483,154,0,23,'2019-12-03 08:38:30'),(1484,154,0,24,'2019-12-03 08:38:30'),(1485,154,0,25,'2019-12-03 08:38:30'),(1486,163,610000,7,'2019-12-03 08:40:32'),(1487,163,0,8,'2019-12-03 08:40:32'),(1488,163,0,9,'2019-12-03 08:40:32'),(1489,163,0,10,'2019-12-03 08:40:32'),(1490,163,0,11,'2019-12-03 08:40:32'),(1491,163,0,12,'2019-12-03 08:40:32'),(1492,163,0,13,'2019-12-03 08:40:32'),(1493,163,0,14,'2019-12-03 08:40:32'),(1494,163,0,15,'2019-12-03 08:40:32'),(1495,163,0,16,'2019-12-03 08:40:32'),(1496,163,0,17,'2019-12-03 08:40:32'),(1497,163,0,18,'2019-12-03 08:40:32'),(1498,163,0,19,'2019-12-03 08:40:32'),(1499,163,0,20,'2019-12-03 08:40:32'),(1500,163,0,21,'2019-12-03 08:40:32'),(1501,163,0,22,'2019-12-03 08:40:32'),(1502,163,0,23,'2019-12-03 08:40:32'),(1503,163,0,24,'2019-12-03 08:40:32'),(1504,163,0,25,'2019-12-03 08:40:32'),(1505,164,950000,7,'2019-12-03 08:41:42'),(1506,164,0,8,'2019-12-03 08:41:42'),(1507,164,0,9,'2019-12-03 08:41:42'),(1508,164,0,10,'2019-12-03 08:41:42'),(1509,164,0,11,'2019-12-03 08:41:42'),(1510,164,0,12,'2019-12-03 08:41:42'),(1511,164,0,13,'2019-12-03 08:41:42'),(1512,164,0,14,'2019-12-03 08:41:42'),(1513,164,0,15,'2019-12-03 08:41:42'),(1514,164,0,16,'2019-12-03 08:41:42'),(1515,164,0,17,'2019-12-03 08:41:42'),(1516,164,0,18,'2019-12-03 08:41:42'),(1517,164,0,19,'2019-12-03 08:41:42'),(1518,164,0,20,'2019-12-03 08:41:42'),(1519,164,0,21,'2019-12-03 08:41:42'),(1520,164,0,22,'2019-12-03 08:41:42'),(1521,164,0,23,'2019-12-03 08:41:42'),(1522,164,0,24,'2019-12-03 08:41:42'),(1523,164,0,25,'2019-12-03 08:41:42'),(1524,165,0,7,'2019-12-03 08:43:53'),(1525,165,0,8,'2019-12-03 08:43:53'),(1526,165,0,9,'2019-12-03 08:43:53'),(1527,165,0,10,'2019-12-03 08:43:53'),(1528,165,0,11,'2019-12-03 08:43:53'),(1529,165,0,12,'2019-12-03 08:43:53'),(1530,165,0,13,'2019-12-03 08:43:53'),(1531,165,0,14,'2019-12-03 08:43:53'),(1532,165,0,15,'2019-12-03 08:43:53'),(1533,165,0,16,'2019-12-03 08:43:53'),(1534,165,0,17,'2019-12-03 08:43:53'),(1535,165,0,18,'2019-12-03 08:43:53'),(1536,165,0,19,'2019-12-03 08:43:53'),(1537,165,27000,20,'2019-12-03 08:43:53'),(1538,165,27000,21,'2019-12-03 08:43:53'),(1539,165,27000,22,'2019-12-03 08:43:53'),(1540,165,27000,23,'2019-12-03 08:43:53'),(1541,165,27000,24,'2019-12-03 08:43:53'),(1542,165,25000,25,'2019-12-03 08:43:53'),(1543,168,0,7,'2019-12-03 08:46:39'),(1544,168,0,8,'2019-12-03 08:46:39'),(1545,168,0,9,'2019-12-03 08:46:39'),(1546,168,0,10,'2019-12-03 08:46:39'),(1547,168,0,11,'2019-12-03 08:46:39'),(1548,168,0,12,'2019-12-03 08:46:39'),(1549,168,0,13,'2019-12-03 08:46:39'),(1550,168,0,14,'2019-12-03 08:46:39'),(1551,168,0,15,'2019-12-03 08:46:39'),(1552,168,0,16,'2019-12-03 08:46:39'),(1553,168,0,17,'2019-12-03 08:46:39'),(1554,168,0,18,'2019-12-03 08:46:39'),(1555,168,0,19,'2019-12-03 08:46:39'),(1556,168,17000,20,'2019-12-03 08:46:39'),(1557,168,17000,21,'2019-12-03 08:46:39'),(1558,168,17000,22,'2019-12-03 08:46:39'),(1559,168,17000,23,'2019-12-03 08:46:39'),(1560,168,17000,24,'2019-12-03 08:46:39'),(1561,168,15000,25,'2019-12-03 08:46:39'),(1562,169,0,7,'2019-12-03 08:49:12'),(1563,169,0,8,'2019-12-03 08:49:12'),(1564,169,0,9,'2019-12-03 08:49:12'),(1565,169,0,10,'2019-12-03 08:49:12'),(1566,169,0,11,'2019-12-03 08:49:12'),(1567,169,0,12,'2019-12-03 08:49:12'),(1568,169,0,13,'2019-12-03 08:49:12'),(1569,169,0,14,'2019-12-03 08:49:12'),(1570,169,0,15,'2019-12-03 08:49:12'),(1571,169,0,16,'2019-12-03 08:49:12'),(1572,169,0,17,'2019-12-03 08:49:12'),(1573,169,0,18,'2019-12-03 08:49:12'),(1574,169,0,19,'2019-12-03 08:49:12'),(1575,169,17000,20,'2019-12-03 08:49:12'),(1576,169,17000,21,'2019-12-03 08:49:12'),(1577,169,17000,22,'2019-12-03 08:49:12'),(1578,169,17000,23,'2019-12-03 08:49:12'),(1579,169,17000,24,'2019-12-03 08:49:12'),(1580,169,15000,25,'2019-12-03 08:49:12'),(1619,170,0,7,'2019-12-03 08:55:16'),(1620,170,0,8,'2019-12-03 08:55:16'),(1621,170,0,9,'2019-12-03 08:55:16'),(1622,170,0,10,'2019-12-03 08:55:16'),(1623,170,0,11,'2019-12-03 08:55:16'),(1624,170,0,12,'2019-12-03 08:55:16'),(1625,170,0,13,'2019-12-03 08:55:16'),(1626,170,0,14,'2019-12-03 08:55:16'),(1627,170,0,15,'2019-12-03 08:55:16'),(1628,170,0,16,'2019-12-03 08:55:16'),(1629,170,0,17,'2019-12-03 08:55:16'),(1630,170,0,18,'2019-12-03 08:55:16'),(1631,170,0,19,'2019-12-03 08:55:16'),(1632,170,67000,20,'2019-12-03 08:55:16'),(1633,170,67000,21,'2019-12-03 08:55:16'),(1634,170,67000,22,'2019-12-03 08:55:16'),(1635,170,67000,23,'2019-12-03 08:55:16'),(1636,170,67000,24,'2019-12-03 08:55:16'),(1637,170,65000,25,'2019-12-03 08:55:16'),(1638,171,0,7,'2019-12-03 08:55:30'),(1639,171,0,8,'2019-12-03 08:55:30'),(1640,171,0,9,'2019-12-03 08:55:30'),(1641,171,0,10,'2019-12-03 08:55:30'),(1642,171,0,11,'2019-12-03 08:55:30'),(1643,171,0,12,'2019-12-03 08:55:30'),(1644,171,0,13,'2019-12-03 08:55:30'),(1645,171,0,14,'2019-12-03 08:55:30'),(1646,171,0,15,'2019-12-03 08:55:30'),(1647,171,0,16,'2019-12-03 08:55:30'),(1648,171,0,17,'2019-12-03 08:55:30'),(1649,171,0,18,'2019-12-03 08:55:30'),(1650,171,0,19,'2019-12-03 08:55:30'),(1651,171,25000,20,'2019-12-03 08:55:30'),(1652,171,25000,21,'2019-12-03 08:55:30'),(1653,171,25000,22,'2019-12-03 08:55:30'),(1654,171,25000,23,'2019-12-03 08:55:30'),(1655,171,25000,24,'2019-12-03 08:55:30'),(1656,171,25000,25,'2019-12-03 08:55:30'),(1657,166,0,7,'2019-12-03 08:56:43'),(1658,166,0,8,'2019-12-03 08:56:43'),(1659,166,0,9,'2019-12-03 08:56:43'),(1660,166,0,10,'2019-12-03 08:56:43'),(1661,166,0,11,'2019-12-03 08:56:43'),(1662,166,0,12,'2019-12-03 08:56:43'),(1663,166,0,13,'2019-12-03 08:56:43'),(1664,166,0,14,'2019-12-03 08:56:43'),(1665,166,0,15,'2019-12-03 08:56:43'),(1666,166,0,16,'2019-12-03 08:56:43'),(1667,166,0,17,'2019-12-03 08:56:43'),(1668,166,0,18,'2019-12-03 08:56:43'),(1669,166,0,19,'2019-12-03 08:56:43'),(1670,166,25000,20,'2019-12-03 08:56:43'),(1671,166,25000,21,'2019-12-03 08:56:43'),(1672,166,25000,22,'2019-12-03 08:56:43'),(1673,166,25000,23,'2019-12-03 08:56:43'),(1674,166,25000,24,'2019-12-03 08:56:43'),(1675,166,25000,25,'2019-12-03 08:56:43'),(1676,172,0,7,'2019-12-03 08:58:26'),(1677,172,0,8,'2019-12-03 08:58:26'),(1678,172,0,9,'2019-12-03 08:58:26'),(1679,172,0,10,'2019-12-03 08:58:26'),(1680,172,0,11,'2019-12-03 08:58:26'),(1681,172,0,12,'2019-12-03 08:58:26'),(1682,172,0,13,'2019-12-03 08:58:26'),(1683,172,0,14,'2019-12-03 08:58:26'),(1684,172,0,15,'2019-12-03 08:58:26'),(1685,172,0,16,'2019-12-03 08:58:26'),(1686,172,0,17,'2019-12-03 08:58:26'),(1687,172,0,18,'2019-12-03 08:58:26'),(1688,172,0,19,'2019-12-03 08:58:26'),(1689,172,34000,20,'2019-12-03 08:58:26'),(1690,172,34000,21,'2019-12-03 08:58:26'),(1691,172,34000,22,'2019-12-03 08:58:26'),(1692,172,34000,23,'2019-12-03 08:58:26'),(1693,172,34000,24,'2019-12-03 08:58:26'),(1694,172,30000,25,'2019-12-03 08:58:26'),(1695,173,0,7,'2019-12-03 09:01:26'),(1696,173,0,8,'2019-12-03 09:01:26'),(1697,173,0,9,'2019-12-03 09:01:26'),(1698,173,0,10,'2019-12-03 09:01:26'),(1699,173,0,11,'2019-12-03 09:01:26'),(1700,173,0,12,'2019-12-03 09:01:26'),(1701,173,0,13,'2019-12-03 09:01:26'),(1702,173,0,14,'2019-12-03 09:01:26'),(1703,173,0,15,'2019-12-03 09:01:26'),(1704,173,0,16,'2019-12-03 09:01:26'),(1705,173,0,17,'2019-12-03 09:01:26'),(1706,173,0,18,'2019-12-03 09:01:26'),(1707,173,0,19,'2019-12-03 09:01:26'),(1708,173,84000,20,'2019-12-03 09:01:26'),(1709,173,84000,21,'2019-12-03 09:01:26'),(1710,173,84000,22,'2019-12-03 09:01:26'),(1711,173,84000,23,'2019-12-03 09:01:26'),(1712,173,84000,24,'2019-12-03 09:01:26'),(1713,173,80000,25,'2019-12-03 09:01:26'),(1714,174,0,7,'2019-12-03 09:02:21'),(1715,174,0,8,'2019-12-03 09:02:21'),(1716,174,0,9,'2019-12-03 09:02:21'),(1717,174,0,10,'2019-12-03 09:02:21'),(1718,174,0,11,'2019-12-03 09:02:21'),(1719,174,0,12,'2019-12-03 09:02:21'),(1720,174,0,13,'2019-12-03 09:02:21'),(1721,174,0,14,'2019-12-03 09:02:21'),(1722,174,0,15,'2019-12-03 09:02:21'),(1723,174,0,16,'2019-12-03 09:02:21'),(1724,174,0,17,'2019-12-03 09:02:21'),(1725,174,0,18,'2019-12-03 09:02:21'),(1726,174,0,19,'2019-12-03 09:02:21'),(1727,174,17000,20,'2019-12-03 09:02:21'),(1728,174,17000,21,'2019-12-03 09:02:21'),(1729,174,17000,22,'2019-12-03 09:02:21'),(1730,174,17000,23,'2019-12-03 09:02:21'),(1731,174,17000,24,'2019-12-03 09:02:21'),(1732,174,15000,25,'2019-12-03 09:02:21');
/*!40000 ALTER TABLE `campaign_channels_distribution` ENABLE KEYS */;
UNLOCK TABLES;

--
-- Table structure for table `campaign_channels_media`
--

DROP TABLE IF EXISTS `campaign_channels_media`;
/*!40101 SET @saved_cs_client     = @@character_set_client */;
/*!40101 SET character_set_client = utf8 */;
CREATE TABLE `campaign_channels_media` (
  `ID` int(11) NOT NULL AUTO_INCREMENT COMMENT 'Primary Key',
  `categoryID` int(11) NOT NULL DEFAULT '0' COMMENT 'FK of cmapaign_channels_media_con_categories',
  `regionID` int(11) NOT NULL DEFAULT '1' COMMENT 'FK of s_core_ad_formats',
  `formatID` int(11) DEFAULT '1' COMMENT 'FK of core_regions',
  `formatValue` varchar(255) DEFAULT NULL,
  `placing` varchar(255) NOT NULL COMMENT 'Placement name',
  `details` varchar(255) NOT NULL COMMENT 'Detail of placement',
  `adPressureValue` int(11) NOT NULL DEFAULT '0' COMMENT 'Total ad pressure',
  `tkpGrossCHF` double NOT NULL DEFAULT '0' COMMENT 'Tkp gross in CHF',
  `grossCHF` double NOT NULL DEFAULT '0' COMMENT 'Gross in CHF',
  `discountPersentual` double NOT NULL DEFAULT '0' COMMENT 'Discount in %',
  `netCHF` double NOT NULL DEFAULT '0' COMMENT 'Net in CHF',
  `bkPersentual` double NOT NULL DEFAULT '0' COMMENT 'BK in %',
  `nnCHF` double NOT NULL DEFAULT '0' COMMENT 'NN in CHF',
  `tkpNNCHF` double NOT NULL DEFAULT '0' COMMENT 'TKP in CHF',
  `rowOrder` int(11) NOT NULL DEFAULT '0' COMMENT 'Row index',
  PRIMARY KEY (`ID`)
) ENGINE=InnoDB AUTO_INCREMENT=175 DEFAULT CHARSET=latin1;
/*!40101 SET character_set_client = @saved_cs_client */;

--
-- Dumping data for table `campaign_channels_media`
--

LOCK TABLES `campaign_channels_media` WRITE;
/*!40000 ALTER TABLE `campaign_channels_media` DISABLE KEYS */;
INSERT INTO `campaign_channels_media` VALUES (1,1,1,1,'Wideboard 994x250 & Halfpage-Ad 300x600','Tagesanzeiger.ch','Run of Kultur, Sport und Kino',500000,45,22500,38,13950,5,13252.5,26.505000000000003,0),(2,2,1,1,'Mobile Wideboard 320x160','Blick.ch','Rubriken-Sponsoring Good Night Sir (auf Mobile-App)',1100000,60,66000,50,33000,5,31350,28.5,0),(3,3,2,1,'Branded Content Teaser & Splashsite','NZZ.ch','Wirtschaft, Exklusivbelegung aller Werbeformen',3500000,0,80000,35,52000,5,49400,14.114285714285714,0),(5,5,1,1,'Diverse Standard-Formate (Liste folgt)','Drop8','CH-Netzwerk Premium',3500000,36,126000,40,75600,10,68040,19.439999999999998,0),(6,1,1,1,'Sonderformat (Siehe Spezifikation PP)','Blick.ch','Rubriken-Sponsoring Good Night Sir',1200000,60,72000,50,36000,5,34200,28.5,0),(8,6,1,1,'Promobox','Comparis','Hypothekenvergleich',30000,0,6000,10,5400,5,5130,171,0),(9,7,1,1,'Mobile Rectangle 300x250','Aymo Livetargeting','(20min, Watson, der Bund, Berner Zeitung, Basler Zeitung, Tagesanzeiger, etc.), WG 43',125000,57,7125,10,6412.5,5,6091.875,48.735,0),(10,8,1,1,'Paid Post','LinkedIn','Sponsored Content',0,0,6000,0,6000,0,6000,0,0),(11,9,1,1,'Wideboard 994x250 & Halfpage 300x600','Admeira Wirtschaftsnetz','(Cash / Handelszeitung / Bilanz / finanzen.ch), Alterstargeting 55+, WG 43',171740,99,17002.260000000002,30,11901.582,5,11306.5029,65.835,0),(12,10,1,1,'Teaser & Splashsite','NZZ RoS','monatl. Fixplatzierung, Alterstargeting 55+, WG 43',350000,32,11200,15,9520,5,9044,25.84,0),(13,11,1,1,'Bild-Text','Audienzz Business Click','Cost per Click CHF 3.00, WG 43',2223,0,6669,0,6669,10,6002.1,2700,0),(14,12,1,1,'Bild-Text','Google AdWords','Umgestetzt durch Webrepublic',0,0,10000,0,10000,0,10000,0,0),(15,6,1,1,'Halfpage 300x600','Comparis','Hypothekenvergleich, WG 43',38960,80,3116.8,10,2805.1200000000003,5,2664.864,68.4,0),(16,6,1,1,'Wideboard 994x250 & Halfpage 300x600','Admeira Wirtschaftsnetz','(Cash / Handelszeitung / Bilanz / finanzen.ch), WG 43',160000,85,13600,30,9520,5,9044,56.525,0),(17,6,1,1,'Halfpage 300x600','Homegate','Kaufabsicht Targeting, WG 43',68000,55,3740,15,3179,5,3020.0499999999997,44.412499999999994,0),(18,7,1,1,'Mobile Rectangle 300x250','Admeira Wirtschaftsnetz','(Cash / Handelszeitung / Bilanz / finanzen.ch), WG 43',200000,70,14000,30,9800,5,9310,46.550000000000004,0),(19,7,1,1,'Mobile Rectangle 300x250','NZZ Finance Alliance','(NZZ / CNN Money / Finews etc.), WG 43',210000,55,11550,15,9817.5,5,9326.625,44.4125,0),(20,7,1,1,'Mobile Rectangle 300x250','Tamedia Full Reach','Mortgage Seekers und Real Estate Buyers Targeting, WG 43',221000,40,8840,15,7514,5,7138.299999999999,32.3,0),(21,8,1,1,'Paid Post (Carousel Ad)','Facebook','Paid',0,0,3000,0,3000,0,3000,0,0),(22,8,1,1,'Promoted Post','Facebook','Owned - 2 Posts',0,0,800,0,800,0,800,0,0),(23,9,1,1,'Wideboard 994x250 & Halfpage 300x600','Scout 24 Netzwerk','Alterstargeting 55+, WG 43',125000,70,8750,10,7875,5,7481.25,59.85,0),(24,9,1,1,'Wideboard 994x250 & Halfpage 300x600','Tamedia Full Reach','Alterstargeting 55+, WG 43',54617,40,2184.68,15,1856.9779999999998,5,1764.1290999999997,32.3,0),(25,9,1,1,'Wideboard 994x250 & Halfpage 300x600','Business Alliance','Alterstargeting 55+, WG 43',87900,77.5,6812.25,15,5790.412499999999,5,5500.891874999999,62.58124999999999,0),(26,10,1,1,'Teaser & Splashsite','Cash.ch','Fixplatzierung 2 Wochen, WG 43',300000,0,14400,30,10080,5,9576,31.919999999999998,0),(27,11,1,1,'Bild-Text','Tamedia Full Reach','Cost per Click CHF 2.00, WG 43',3335,0,6670,0,6670,10,6003,1800,0),(28,13,1,1,'Wideboard 994x250 & Halfpage 300x600','20 Minuten RoS','Targeting XY, Capping',300000,60,18000,15,15300,5,14535,48.45,0),(29,14,1,1,'','','',0,0,0,0,0,0,0,0,0),(30,15,1,1,'Paid Post','Facebook','inkl. Messenger (2 Post)',0,0,2000,0,2000,0,2000,0,0),(31,13,2,1,'Wideboard 994x250','Admeira Millenial Pool','',20000,47,940,0,940,0,940,47,0),(32,13,-1,1,'','','',0,0,0,0,0,0,0,0,0),(33,14,-1,1,'','','',0,0,0,0,0,0,0,0,0),(34,16,1,1,'Promobox','Comparis','Hypothekenvergleich',30000,0,6000,10,5400,5,5130,171,0),(35,16,1,1,'Halfpage 300x600','Comparis','Hypothekenvergleich, WG 43',38960,80,3116.8,10,2805.1200000000003,5,2664.864,68.4,0),(36,16,1,1,'Wideboard 994x250 & Halfpage 300x600','Admeira Wirtschaftsnetz','(Cash / Handelszeitung / Bilanz / finanzen.ch), WG 43',160000,85,13600,30,9520,5,9044,56.525,0),(37,16,1,1,'Halfpage 300x600','Homegate','Kaufabsicht Targeting, WG 43',68000,55,3740,15,3179,5,3020.0499999999997,44.412499999999994,0),(38,17,1,1,'Mobile Rectangle 300x250','Aymo Livetargeting','(20min, Watson, der Bund, Berner Zeitung, Basler Zeitung, Tagesanzeiger, etc.), WG 43',125000,57,7125,10,6412.5,5,6091.875,48.735,0),(39,17,1,1,'Mobile Rectangle 300x250','Admeira Wirtschaftsnetz','(Cash / Handelszeitung / Bilanz / finanzen.ch), WG 43',200000,70,14000,30,9800,5,9310,46.550000000000004,0),(40,17,1,1,'Mobile Rectangle 300x250','NZZ Finance Alliance','(NZZ / CNN Money / Finews etc.), WG 43',210000,55,11550,15,9817.5,5,9326.625,44.4125,0),(41,17,1,1,'Mobile Rectangle 300x250','Tamedia Full Reach','Mortgage Seekers und Real Estate Buyers Targeting, WG 43',221000,40,8840,15,7514,5,7138.299999999999,32.3,0),(42,18,1,1,'Paid Post','LinkedIn','Sponsored Content',0,0,6000,0,6000,0,6000,0,0),(43,18,1,1,'Paid Post (Carousel Ad)','Facebook','Paid',0,0,3000,0,3000,0,3000,0,0),(44,18,1,1,'Promoted Post','Facebook','Owned - 2 Posts',0,0,800,0,800,0,800,0,0),(45,19,1,1,'Wideboard 994x250 & Halfpage 300x600','Admeira Wirtschaftsnetz','(Cash / Handelszeitung / Bilanz / finanzen.ch), Alterstargeting 55+, WG 43',171740,99,17002.260000000002,30,11901.582,5,11306.5029,65.835,0),(46,19,1,1,'Wideboard 994x250 & Halfpage 300x600','Scout 24 Netzwerk','Alterstargeting 55+, WG 43',125000,70,8750,10,7875,5,7481.25,59.85,0),(47,19,1,1,'Wideboard 994x250 & Halfpage 300x600','Tamedia Full Reach','Alterstargeting 55+, WG 43',54617,40,2184.68,15,1856.9779999999998,5,1764.1290999999997,32.3,0),(48,19,1,1,'Wideboard 994x250 & Halfpage 300x600','Business Alliance','Alterstargeting 55+, WG 43',87900,77.5,6812.25,15,5790.412499999999,5,5500.891874999999,62.58124999999999,0),(49,20,1,1,'Teaser & Splashsite','NZZ RoS','monatl. Fixplatzierung, Alterstargeting 55+, WG 43',350000,32,11200,15,9520,5,9044,25.84,0),(50,20,1,1,'Teaser & Splashsite','Cash.ch','Fixplatzierung 2 Wochen, WG 43',300000,0,14400,30,10080,5,9576,31.919999999999998,0),(51,21,1,1,'Bild-Text','Audienzz Business Click','Cost per Click CHF 3.00, WG 43',2223,0,6669,0,6669,10,6002.1,2700,0),(52,21,1,1,'Bild-Text','Tamedia Full Reach','Cost per Click CHF 2.00, WG 43',3335,0,6670,0,6670,10,6003,1800,0),(53,22,1,1,'Bild-Text','Google AdWords','Umgestetzt durch Webrepublic',0,0,10000,0,10000,0,10000,0,0),(54,23,1,1,'','NZZ','Fixplatzierung 2 Wochen',50000,0,6000,0,6000,0,6000,120,0),(55,13,-1,1,'','','',0,0,0,0,0,0,0,0,0),(56,13,-1,1,'','','',0,0,0,0,0,0,0,0,0),(57,13,-1,1,'','','',0,0,0,0,0,0,0,0,0),(58,24,1,1,'Mobile Rectangle 300x250','Geolocated','Targeting gemäss Standortliste',50000,57,2850,0,2850,0,2850,57,0),(59,13,-1,1,'','','',0,0,0,0,0,0,0,0,0),(60,1,1,1,'Skyscraper 160x600','20min','Sport',2000000,80,160000,50,80000,5,76000,38,0),(61,25,1,1,'Sticky Halfpage 300x600','NZZ Business','',23000,95,2185,15,1857.25,5,1764.3874999999998,76.71249999999999,0),(62,26,1,1,'Poster Ad 320x460','NZZ Business','',200000,75,15000,15,12750,5,12112.5,60.5625,0),(63,25,1,1,'Halfpage 300x600 & Wideboard 994x250','Admeira Digital Network','',400000,34,13600,30,9520,5,9044,22.610000000000003,0),(64,25,-1,1,'','','',0,0,0,0,0,0,0,0,0),(65,25,-1,1,'','','',0,0,0,0,0,0,0,0,0),(66,25,-1,1,'','','',0,0,0,0,0,0,0,0,0),(67,25,-1,1,'','','',0,0,0,0,0,0,0,0,0),(68,25,-1,1,'','','',0,0,0,0,0,0,0,0,0),(69,25,-1,1,'','','',0,0,0,0,0,0,0,0,0),(70,25,-1,1,'','','',0,0,0,0,0,0,0,0,0),(71,26,1,1,'Poster Ad Premium 320x480','Admeira Digital Network','',280000,42,11760,30,8232,5,7820.4,27.93,0),(72,26,1,1,'PreRoll','Admeira Digital Network','',200000,42,8400,30,5880,5,5586,27.93,0),(73,26,1,1,'Poster Ad 320x480','Bluewin','',100000,47,4700,30,3290,5,3125.5,31.255,0),(74,27,1,1,'Halfpage 300x600','NZZ Business (Finanzen, Wirtschaft, International & Schweiz)','Alterstargeting 45 - 65 & WG 43',230000,95,21850,15,18572.5,5,17643.875,76.7125,0),(75,28,1,1,'Bild-Text','Audienzz Business Click','WG 43, 2000 Klicks à CHF 3',0,0,6000,0,6000,5,5700,0,0),(76,29,1,1,'Poster Ad 320x460','NZZ Business (Finanzen, Wirtschaft, International & Schweiz)','Alterstargeting 45 - 65 & WG 43',200000,75,15000,15,12750,5,12112.5,60.5625,0),(77,27,1,1,'Halfpage 300x600 & Wideboard 994x250','Admeira Digital Network (Cash, Beobachter, Bilanz, Handelszeitung, Finanzen, Local & Search)','Alterstargeting 45 - 64 & WG 43',1061765,34,36100.01,30,25270.007,5,24006.50665,22.61,0),(78,27,1,1,'Wideboard XL 994x500','Bluewin.ch','Alterstargeting 45 - 64 & WG 43',400000,74,29600,30,20720,5,19684,49.209999999999994,0),(79,27,1,1,'Halfpage 300x600 & Wideboard 994x250','ZRZ_Front (Zürcher Regionalzeitungen - Der Landbote, Zürcher Unterländer & Zürichsee Zeitung)','',60000,64,3840,15,3264,5,3100.7999999999997,51.68,0),(80,27,1,1,'Halfpage 300x600 & Wideboard 994x250','Tamedia Full Reach (Tagesanzeiger, FUW, 20 Minuten & Der Bund)','Contextual-Targeting auf Finanzvorsorge-Themen & WG 43',150000,40,6000,15,5100,5,4845,32.300000000000004,0),(81,28,1,1,'Bild-Text','Admeira CPC Paket (Bluewin & Blick)','2000 Klicks à CHF 3',0,0,6000,0,6000,5,5700,0,0),(82,28,1,1,'Bild-Text','Tamedia Full Reach (Tagesanzeiger, FUW, 20 Minuten & Der Bund)','WG 43, 3000 Klicks à CHF 2',0,0,6000,0,6000,5,5700,0,0),(83,29,1,1,'Poster Ad Premium 320x480','Admeira Digital Network (Cash, Beobachter, Bilanz, Handelszeitung, Finanzen, Local & Search, Blick)','Alterstargeting 45 - 64 & WG 43',393259,42,16516.878,30,11561.8146,5,10983.72387,27.93,0),(84,29,1,1,'PreRoll','Admeira Digital Network (Cash, Beobachter, Bilanz, Handelszeitung, Finanzen, Local & Search, Blick)','Alterstargeting 45 - 64 & WG 43',200000,42,8400,30,5880,5,5586,27.93,0),(85,29,1,1,'Poster Ad Premium 320x480','Bluewin.ch','Alterstargeting 45 - 64 & WG 43',100000,47,4700,30,3290,5,3125.5,31.255,0),(86,29,1,1,'PreRoll','Bluewin.ch','Alterstargeting 45 - 64 & WG 43',50000,57,2850,30,1994.9999999999998,5,1895.2499999999998,37.904999999999994,0),(87,29,1,1,'PreRoll','20 Minuten','WG 43',232198,80,18575.84,15,15789.464,5,14999.9908,64.60000000000001,0),(88,29,1,1,'Mobile Rectangle 300x250','Tamedia Full Reach (Tagesanzeiger, FUW, 20 Minuten & Der Bund)','Contextual-Targeting auf Finanzvorsorge Themen & WG 43',38000,58,2204,15,1873.3999999999999,5,1779.7299999999998,46.834999999999994,0),(89,29,1,1,'Mobile Rectangle 300x250','Geo Located Livetargeting','gemäss Standortliste',300000,57,17100,10,15390,5,14620.5,48.735,0),(90,29,1,1,'Mobile Rectangle 300x250','Geo Located Retargeting','gemäss Standortliste Livetargeting',332000,67,22244,10,20019.600000000002,5,19018.620000000003,57.28500000000001,0),(94,31,1,1,'Mobile PreRoll','Blick.ch','Sport',500000,0,30000,50,15000,5,14250,28.5,0),(95,32,2,1,'Branded Content Teaser & Splashsite','NZZ.ch','Wirtschaft, Exklusivbelegung aller Werbeformen',3500000,0,80000,35,52000,5,49400,14.114285714285714,0),(96,33,3,1,'Push-Post','Facebook','Diverse Targeting',0,0,5000,10,4500,0,4500,0,0),(97,33,3,1,'Insta-Story & Coverflow','Instagram','Diverse Targetings',0,0,10000,10,9000,0,9000,0,0),(98,34,1,1,'Diverse Standard-Formate (Liste folgt)','Drop8','CH-Netzwerk Premium',3500000,36,126000,40,75600,10,68040,19.439999999999998,0),(99,35,1,1,'Wideboard 994x250 & Halfpage-Ad 300x600','Tagesanzeiger.ch','Run of Kultur, Sport und Kino',500000,45,22500,38,13950,5,13252.5,26.505000000000003,0),(100,35,1,1,'Sonderformat (Siehe Spezifikation PP)','Blick.ch','Rubriken-Sponsoring Good Night Sir',1200000,60,72000,50,36000,5,34200,28.5,0),(101,35,1,1,'Skyscraper 160x600','20min','Sport',2000000,80,160000,50,80000,5,76000,38,0),(102,36,1,1,'Mobile Wideboard 320x160','Blick.ch','Rubriken-Sponsoring Good Night Sir (auf Mobile-App)',1100000,60,66000,50,33000,5,31350,28.5,0),(103,37,2,1,'Branded Content Teaser & Splashsite','NZZ.ch','Wirtschaft, Exklusivbelegung aller Werbeformen',3500000,0,80000,35,52000,5,49400,14.114285714285714,0),(104,38,3,1,'Push-Post','Facebook','Diverse Targeting',0,0,5000,10,4500,0,4500,0,0),(105,38,3,1,'Insta-Story & Coverflow','Instagram','Diverse Targetings',0,0,10000,10,9000,0,9000,0,0),(106,39,1,1,'Diverse Standard-Formate (Liste folgt)','Drop8','CH-Netzwerk Premium',3500000,36,126000,40,75600,10,68040,19.439999999999998,0),(107,40,1,1,'Wideboard 994x250 & Halfpage-Ad 300x600','Tagesanzeiger.ch','Run of Kultur, Sport und Kino',500000,45,22500,38,13950,5,13252.5,26.505000000000003,0),(108,40,1,1,'Sonderformat (Siehe Spezifikation PP)','Blick.ch','Rubriken-Sponsoring Good Night Sir',1200000,60,72000,50,36000,5,34200,28.5,0),(109,40,1,1,'Skyscraper 160x600','20min','Sport',2000000,80,160000,50,80000,5,76000,38,0),(110,41,1,1,'Mobile Wideboard 320x160','Blick.ch','Rubriken-Sponsoring Good Night Sir (auf Mobile-App)',1100000,60,66000,50,33000,5,31350,28.5,0),(111,42,2,1,'Branded Content Teaser & Splashsite','NZZ.ch','Wirtschaft, Exklusivbelegung aller Werbeformen',3500000,0,80000,35,52000,5,49400,14.114285714285714,0),(112,43,3,1,'Push-Post','Facebook','Diverse Targeting',0,0,5000,10,4500,0,4500,0,0),(113,43,3,1,'Insta-Story & Coverflow','Instagram','Diverse Targetings',0,0,10000,10,9000,0,9000,0,0),(114,44,1,1,'Diverse Standard-Formate (Liste folgt)','Drop8','CH-Netzwerk Premium',3500000,36,126000,40,75600,10,68040,19.439999999999998,0),(115,45,1,1,'Wideboard 994x250 & Halfpage-Ad 300x600','Tagesanzeiger.ch','Run of Kultur, Sport und Kino',500000,45,22500,38,13950,5,13252.5,26.505000000000003,0),(116,45,1,1,'Sonderformat (Siehe Spezifikation PP)','Blick.ch','Rubriken-Sponsoring Good Night Sir',1200000,60,72000,50,36000,5,34200,28.5,0),(117,45,1,1,'Skyscraper 160x600','20min','Sport',2000000,80,160000,50,80000,5,76000,38,0),(118,46,1,1,'Mobile Wideboard 320x160','Blick.ch','Rubriken-Sponsoring Good Night Sir (auf Mobile-App)',1100000,60,66000,50,33000,5,31350,28.5,0),(119,47,2,1,'Branded Content Teaser & Splashsite','NZZ.ch','Wirtschaft, Exklusivbelegung aller Werbeformen',3500000,0,80000,35,52000,5,49400,14.114285714285714,0),(120,48,3,1,'Push-Post','Facebook','Diverse Targeting',0,0,5000,10,4500,0,4500,0,0),(121,48,3,1,'Insta-Story & Coverflow','Instagram','Diverse Targetings',0,0,10000,10,9000,0,9000,0,0),(122,49,1,1,'Diverse Standard-Formate (Liste folgt)','Drop8','CH-Netzwerk Premium',3500000,36,126000,40,75600,10,68040,19.439999999999998,0),(123,50,1,1,'Wideboard 994x250 & Halfpage-Ad 300x600','Tagesanzeiger.ch','Run of Kultur, Sport und Kino',500000,45,22500,38,13950,5,13252.5,26.505000000000003,0),(124,50,1,1,'Sonderformat (Siehe Spezifikation PP)','Blick.ch','Rubriken-Sponsoring Good Night Sir',1200000,60,72000,50,36000,5,34200,28.5,0),(125,50,1,1,'Skyscraper 160x600','20min','Sport',2000000,80,160000,50,80000,5,76000,38,0),(126,51,1,1,'Mobile Wideboard 320x160','Blick.ch','Rubriken-Sponsoring Good Night Sir (auf Mobile-App)',1100000,60,66000,50,33000,5,31350,28.5,0),(127,52,2,1,'Branded Content Teaser & Splashsite','NZZ.ch','Wirtschaft, Exklusivbelegung aller Werbeformen',3500000,0,80000,35,52000,5,49400,14.114285714285714,0),(128,53,3,1,'Push-Post','Facebook','Diverse Targeting',0,0,5000,10,4500,0,4500,0,0),(129,53,3,1,'Insta-Story & Coverflow','Instagram','Diverse Targetings',0,0,10000,10,9000,0,9000,0,0),(130,54,1,1,'Diverse Standard-Formate (Liste folgt)','Drop8','CH-Netzwerk Premium',3500000,36,126000,40,75600,10,68040,19.439999999999998,0),(131,30,1,1,'Wideboard 994x250','Blick','Home_FC1/UU/W',100000,50,5000,30,3500,5,3325,33.25,0),(132,55,1,1,'Wideboard 994x250 & Halfpage-Ad 300x600','Tagesanzeiger.ch','Run of Kultur, Sport und Kino',500000,45,22500,38,13950,5,13252.5,26.505000000000003,0),(133,55,1,1,'Sonderformat (Siehe Spezifikation PP)','Blick.ch','Rubriken-Sponsoring Good Night Sir',1200000,60,72000,50,36000,5,34200,28.5,0),(134,55,1,1,'Skyscraper 160x600','20min','Sport',2000000,80,160000,50,80000,5,76000,38,0),(135,56,1,1,'Mobile Wideboard 320x160','Blick.ch','Rubriken-Sponsoring Good Night Sir (auf Mobile-App)',1100000,60,66000,50,33000,5,31350,28.5,0),(136,57,2,1,'Branded Content Teaser & Splashsite','NZZ.ch','Wirtschaft, Exklusivbelegung aller Werbeformen',3500000,0,80000,35,52000,5,49400,14.114285714285714,0),(137,58,3,1,'Push-Post','Facebook','Diverse Targeting',0,0,5000,10,4500,0,4500,0,0),(138,58,3,1,'Insta-Story & Coverflow','Instagram','Diverse Targetings',0,0,10000,10,9000,0,9000,0,0),(139,59,1,1,'Diverse Standard-Formate (Liste folgt)','Drop8','CH-Netzwerk Premium',3500000,36,126000,40,75600,10,68040,19.439999999999998,0),(140,30,2,1,'Halfpage 300x600','Bluewin','Run of Site',50000,35,1750,30,1225,5,1163.75,23.275000000000002,0),(141,60,1,1,'','','',0,0,0,0,0,0,0,0,0),(142,61,1,1,'','','',0,0,0,0,0,0,0,0,0),(143,62,1,1,'','123','',0,0,0,0,0,0,0,0,0),(144,63,1,1,'','','',0,0,0,0,0,0,0,0,0),(145,64,1,1,'','','',0,0,0,0,0,0,0,0,0),(146,65,1,1,'','','',0,0,0,0,0,0,0,0,0),(147,66,1,1,'','','',0,0,0,0,0,0,0,0,0),(148,67,1,1,'','','',0,0,0,0,0,0,0,0,0),(149,68,1,1,'','','',0,0,0,0,0,0,0,0,0),(150,69,1,1,'','','',0,0,0,0,0,0,0,0,0),(151,70,1,1,'','','',0,0,0,0,0,0,0,0,0),(152,71,1,1,'','','',0,0,0,0,0,0,0,0,0),(153,72,1,1,'Branding Day Display','20 Minuten','WG 43',610000,0,76000,10,68400,5,64980,106.52459016393442,0),(154,73,1,1,'','','',0,0,0,0,0,0,0,0,0),(155,74,1,1,'','','',0,0,0,0,0,0,0,0,0),(157,75,1,1,'','','',0,0,0,0,0,0,0,0,0),(158,76,1,1,'','','',0,0,0,0,0,0,0,0,0),(159,77,1,1,'','','',0,0,0,0,0,0,0,0,0),(160,78,1,1,'','','',0,0,0,0,0,0,0,0,0),(161,72,1,1,'Branding Day (Ricchi Ad) Mobile','20 Minuten','WG 43',950000,0,47000,10,42300,5,40185,42.3,0),(162,72,-1,1,'','','',0,0,0,0,0,0,0,0,0),(163,79,1,1,'Branding Day Display','20 Minuten','Front, 15.02.2020',610000,0,76000,10,68400,5,64980,106.52459016393442,0),(164,79,1,1,'Branding Day Mobile','20 Minuten','Front, 15.02.2020',950000,0,47000,10,42300,5,40185,42.3,0),(165,80,1,1,'Wideboard & Halfpage','Custom Pool (Ronorp, Züriwelt, Energy)','',160000,50,8000,10,7200,5,6840,42.75,0),(166,81,1,1,'Mobile Rectangle','NZZ Kultur Pool','WG 43',150000,65,9750,10,8775,5,8336.25,55.575,0),(168,80,1,1,'Wideboard & Halfpage','Zürcher Regionalzeitungen_Front (Züriseezeitung, Zürcher Unterländer, Zürcher Oberländer, Landbote)','',100000,64,6400,10,5760,5,5472,54.72,0),(169,80,1,1,'Wideboard & Halfpage','NZZ Kultur Pool','WG 43',100000,75,7500,10,6750,5,6412.5,64.125,0),(170,80,1,1,'Wideboard & Halfpage','Admeira Digital Network (Local, Bluewin, Search etc.)','WG 43',400000,32,12800,30,8960,5,8512,21.28,0),(171,80,1,1,'Wideboard & Halfpage','Tamedia Network_News & Editorial (20 Minuten, Tagesanzeiger, Der Bund etc.)','WG 43 & 1x/UU/d',150000,60,9000,10,8100,5,7695,51.3,0),(172,81,1,1,'Mobile Rectangle','Tamedia Network_News & Editorial (20 Minuten, Tagesanzeiger, Der Bund etc.)','WG 43 & 1x/UU/d',200000,53,10600,10,9540,5,9063,45.315,0),(173,81,1,1,'Mobile Rectangle','Admeira Digital Network (Local, Bluewin, Search etc.)','WG 43',500000,27,13500,30,9450,5,8977.5,17.955,0),(174,81,1,1,'Mobile PreRoll','20 Minuten','WG 43',100000,80,8000,10,7200,5,6840,68.4,0);
/*!40000 ALTER TABLE `campaign_channels_media` ENABLE KEYS */;
UNLOCK TABLES;

--
-- Table structure for table `campaign_channels_media_con_categories`
--

DROP TABLE IF EXISTS `campaign_channels_media_con_categories`;
/*!40101 SET @saved_cs_client     = @@character_set_client */;
/*!40101 SET character_set_client = utf8 */;
CREATE TABLE `campaign_channels_media_con_categories` (
  `ID` int(11) NOT NULL AUTO_INCREMENT COMMENT 'Primary Key',
  `channelID` int(11) NOT NULL,
  `categoryID` int(11) NOT NULL COMMENT 'FK of core_campaign_categories, and _temp',
  `categoryNote` varchar(400) NOT NULL COMMENT 'Note content',
  `createdDateTime` timestamp NOT NULL DEFAULT CURRENT_TIMESTAMP COMMENT 'Created time',
  PRIMARY KEY (`ID`)
) ENGINE=InnoDB AUTO_INCREMENT=82 DEFAULT CHARSET=latin1;
/*!40101 SET character_set_client = @saved_cs_client */;

--
-- Dumping data for table `campaign_channels_media_con_categories`
--

LOCK TABLES `campaign_channels_media_con_categories` WRITE;
/*!40000 ALTER TABLE `campaign_channels_media_con_categories` DISABLE KEYS */;
INSERT INTO `campaign_channels_media_con_categories` VALUES (1,1,1,'','2019-11-01 13:04:56'),(2,1,2,'','2019-11-01 13:04:56'),(3,1,3,'','2019-11-01 13:04:56'),(4,1,4,'','2019-11-01 13:04:56'),(5,1,43,'','2019-11-01 13:04:56'),(6,3,44,'','2019-11-01 15:39:16'),(7,3,45,'','2019-11-01 15:39:16'),(8,3,46,'','2019-11-01 15:39:16'),(9,3,47,'','2019-11-01 15:39:16'),(10,3,48,'','2019-11-01 15:39:16'),(11,3,49,'','2019-11-01 15:39:16'),(12,3,50,'','2019-11-01 15:39:16'),(13,5,1,'','2019-11-05 10:24:38'),(15,5,4,'','2019-11-05 10:24:38'),(16,2,44,'','2019-11-05 10:28:35'),(17,2,45,'','2019-11-05 10:28:36'),(18,2,46,'','2019-11-05 10:28:36'),(19,2,47,'','2019-11-05 10:28:36'),(20,2,48,'','2019-11-05 10:28:36'),(21,2,49,'','2019-11-05 10:28:36'),(22,2,50,'','2019-11-05 10:28:36'),(23,5,3,'','2019-11-05 10:32:33'),(24,5,2,'','2019-11-05 10:33:50'),(26,6,2,'','2019-11-14 15:15:04'),(27,7,51,'','2019-11-15 09:57:55'),(28,7,52,'','2019-11-15 09:57:55'),(29,7,2,'','2019-11-15 09:57:55'),(30,8,1,'Peak','2019-11-15 13:59:20'),(31,8,2,'','2019-11-15 13:59:20'),(32,8,3,'','2019-11-15 13:59:20'),(33,8,4,'','2019-11-15 13:59:20'),(34,8,43,'','2019-11-15 13:59:20'),(35,8,1,'','2019-11-15 14:08:13'),(36,8,2,'','2019-11-15 14:08:13'),(37,8,3,'','2019-11-15 14:08:13'),(38,8,4,'','2019-11-15 14:08:13'),(39,8,43,'','2019-11-15 14:08:13'),(40,8,1,'','2019-11-15 14:09:04'),(41,8,2,'','2019-11-15 14:09:04'),(42,8,3,'','2019-11-15 14:09:04'),(43,8,4,'','2019-11-15 14:09:04'),(44,8,43,'','2019-11-15 14:09:04'),(45,8,1,'','2019-11-15 14:09:43'),(46,8,2,'','2019-11-15 14:09:43'),(47,8,3,'','2019-11-15 14:09:43'),(48,8,4,'','2019-11-15 14:09:43'),(49,8,43,'','2019-11-15 14:09:43'),(50,8,1,'','2019-11-15 14:13:55'),(51,8,2,'','2019-11-15 14:13:55'),(52,8,3,'','2019-11-15 14:13:55'),(53,8,4,'','2019-11-15 14:13:55'),(54,8,43,'','2019-11-15 14:13:55'),(55,8,1,'','2019-11-15 14:17:54'),(56,8,2,'','2019-11-15 14:17:54'),(57,8,3,'','2019-11-15 14:17:54'),(58,8,4,'','2019-11-15 14:17:54'),(59,8,43,'','2019-11-15 14:17:54'),(60,9,53,'','2019-11-18 15:07:07'),(61,9,54,'','2019-11-18 15:09:49'),(62,9,55,'','2019-11-18 15:14:03'),(64,10,1,'','2019-11-18 15:54:57'),(65,12,1,'','2019-11-18 15:58:59'),(66,12,56,'','2019-11-18 15:58:59'),(67,11,1,'','2019-11-18 16:00:20'),(68,11,57,'','2019-11-18 16:00:20'),(69,13,1,'','2019-11-18 16:20:44'),(70,13,2,'','2019-11-18 16:20:44'),(71,13,4,'','2019-11-18 16:20:44'),(77,12,2,'','2019-11-29 14:17:19'),(78,10,2,'','2019-12-02 21:22:39'),(79,14,58,'','2019-12-03 08:39:57'),(80,14,1,'','2019-12-03 08:43:06'),(81,14,2,'','2019-12-03 08:43:06');
/*!40000 ALTER TABLE `campaign_channels_media_con_categories` ENABLE KEYS */;
UNLOCK TABLES;

--
-- Table structure for table `campaign_channels_media_notes`
--

DROP TABLE IF EXISTS `campaign_channels_media_notes`;
/*!40101 SET @saved_cs_client     = @@character_set_client */;
/*!40101 SET character_set_client = utf8 */;
CREATE TABLE `campaign_channels_media_notes` (
  `ID` int(11) NOT NULL AUTO_INCREMENT COMMENT 'Primary Key',
  `mediaID` int(11) NOT NULL COMMENT 'FK of campaign_channels_media',
  `note` varchar(255) NOT NULL COMMENT 'Note content',
  `colOrder` int(11) NOT NULL COMMENT 'Col index',
  `fieldName` varchar(255) NOT NULL COMMENT 'Field name',
  `createdDateTime` timestamp NOT NULL DEFAULT CURRENT_TIMESTAMP COMMENT 'Created time',
  PRIMARY KEY (`ID`)
) ENGINE=InnoDB AUTO_INCREMENT=2 DEFAULT CHARSET=latin1;
/*!40101 SET character_set_client = @saved_cs_client */;

--
-- Dumping data for table `campaign_channels_media_notes`
--

LOCK TABLES `campaign_channels_media_notes` WRITE;
/*!40000 ALTER TABLE `campaign_channels_media_notes` DISABLE KEYS */;
INSERT INTO `campaign_channels_media_notes` VALUES (1,54,'Fixplatzierung, nur 2 Wochen am Stück buchbar',1,'','2019-11-05 10:43:56');
/*!40000 ALTER TABLE `campaign_channels_media_notes` ENABLE KEYS */;
UNLOCK TABLES;

--
-- Table structure for table `campaign_channels_parameters`
--

DROP TABLE IF EXISTS `campaign_channels_parameters`;
/*!40101 SET @saved_cs_client     = @@character_set_client */;
/*!40101 SET character_set_client = utf8 */;
CREATE TABLE `campaign_channels_parameters` (
  `ID` int(11) NOT NULL AUTO_INCREMENT COMMENT 'Primary Key',
  `channelID` int(11) NOT NULL COMMENT 'FK of campaign_channels',
  `serviceItemID` int(11) NOT NULL COMMENT 'FK of core_service_groups_items',
  `clientServiceItemID` int(11) NOT NULL COMMENT 'FK of client_con_services',
  `name` varchar(255) NOT NULL COMMENT 'Name of param',
  `value` double DEFAULT '0' COMMENT 'Value of param',
  `calcValue` double NOT NULL DEFAULT '0' COMMENT 'Calculated value',
  `isFlatrate` tinyint(1) NOT NULL DEFAULT '0' COMMENT 'Priximate value if true',
  `isConstant` tinyint(1) NOT NULL DEFAULT '0',
  PRIMARY KEY (`ID`)
) ENGINE=InnoDB AUTO_INCREMENT=61 DEFAULT CHARSET=latin1;
/*!40101 SET character_set_client = @saved_cs_client */;

--
-- Dumping data for table `campaign_channels_parameters`
--

LOCK TABLES `campaign_channels_parameters` WRITE;
/*!40000 ALTER TABLE `campaign_channels_parameters` DISABLE KEYS */;
INSERT INTO `campaign_channels_parameters` VALUES (1,3,2,18,'Traffic-Kosten',1052960,52.65,0,0),(2,3,40,-1,'Maintenance',0,0,1,0),(3,4,84,12,'Analyse',3,525,0,0),(4,4,85,12,'gegeg',0,10023,1,0),(5,3,1,12,'Bewirtschaftung',11,1925,0,0),(6,3,3,20,'Honorar auf Media N/N',51725.714,1965.58,0,0),(7,3,41,-1,'Zusatzhonorar',0,0,1,0),(8,3,86,12,'Planung',6,1050,0,0),(9,3,87,12,'Setup Adserver & Social',7,1225,0,0),(10,5,88,12,'Mediaplanung & Verhandlung',6,1050,0,0),(11,5,89,12,'Kampagnensetup Adserver',5,875,0,0),(12,5,90,12,'Kampagnensetup Social',1,0,0,0),(13,5,1,12,'Bewirtschaftung',2,350,0,0),(14,5,2,18,'Traffic-Kosten',420000,21,0,0),(15,5,40,-1,'Maintenance',0,0,1,0),(16,5,3,20,'Honorar auf Media N/N',26325,1000.35,0,0),(17,5,41,-1,'Zusatzhonorar',0,0,1,0),(18,5,91,12,'Jahresdeal',0,-1000,1,0),(19,1,92,2,'Strategie',3,510,0,0),(20,1,93,2,'Planung',5,850,0,0),(21,1,94,2,'Technischer Support',8,1360,0,0),(22,1,1,2,'Bewirtschaftung',14,2380,0,0),(23,1,2,7,'Traffic-Kosten',9800000,490,0,0),(24,1,40,8,'Maintenance',0,1500,1,0),(25,1,3,9,'Honorar auf Media N/N',209742.5,6292.27,0,0),(26,1,41,10,'Zusatzhonorar',0,3500,1,0),(27,7,95,12,'Mediaplanung & Verhandlung',6,1050,0,0),(28,7,96,12,'Setup Adserver & Social',8,1400,0,0),(29,7,1,12,'Bewirtschaftung',12,2100,0,0),(30,7,2,18,'Traffic-Kosten',0,0,0,0),(31,7,40,19,'Maintenance',0,0,1,0),(32,7,3,20,'Honorar auf Media N/N',0,0,0,0),(33,7,41,21,'Zusatzhonorar',0,0,1,0),(34,8,97,33,'Planung',3,510,0,0),(35,8,98,33,'Setup',2,340,0,0),(36,8,1,33,'Bewirtschaftung',3,510,0,0),(37,8,2,39,'Traffic-Kosten',0,0,0,0),(38,8,40,-1,'Maintenance',0,0,1,0),(39,8,3,41,'Honorar auf Media N/N',0,0,0,0),(40,8,41,-1,'Zusatzhonorar',0,0,1,0),(41,8,99,33,'Technischer Support',0,0,0,0),(42,8,100,33,'Setup Social Media',0,0,0,0),(43,8,101,33,'Erstellung VideoHeader',1,410,1,0),(44,9,1,33,'Bewirtschaftung',1,170,0,0),(45,9,2,39,'Traffic-Kosten',0,0,0,0),(46,9,40,40,'Maintenance',0,0,1,0),(47,9,3,41,'Honorar auf Media N/N',0,0,0,0),(48,9,41,42,'Zusatzhonorar',0,0,1,0),(49,14,102,12,'Mediaplanung & Verhandlung',8,1400,0,0),(50,14,103,12,'Setup Adserver & Social',8,1400,0,0),(51,14,1,12,'Bewirtschaftung',12,2100,0,0),(52,14,2,18,'Traffic-Kosten',1200000,60,0,0),(53,14,40,-1,'Maintenance',0,0,1,0),(54,14,3,20,'Honorar auf Media N/N',118702.5,4510.69,0,0),(55,14,41,-1,'Zusatzhonorar',0,0,1,0),(56,2,1,12,'Bewirtschaftung',0,0,0,0),(57,2,2,18,'Traffic-Kosten',2147775,107.39,0,0),(58,2,40,19,'Maintenance',0,0,1,0),(59,2,3,20,'Honorar auf Media N/N',128203.587875,4871.74,0,0),(60,2,41,21,'Zusatzhonorar',0,0,1,0);
/*!40000 ALTER TABLE `campaign_channels_parameters` ENABLE KEYS */;
UNLOCK TABLES;

--
-- Table structure for table `campaign_export`
--

DROP TABLE IF EXISTS `campaign_export`;
/*!40101 SET @saved_cs_client     = @@character_set_client */;
/*!40101 SET character_set_client = utf8 */;
CREATE TABLE `campaign_export` (
  `id` int(11) NOT NULL AUTO_INCREMENT,
  `campaignID` int(11) NOT NULL,
  `version` varchar(255) DEFAULT NULL,
  `date` varchar(255) DEFAULT NULL,
  `export_file` varchar(255) DEFAULT NULL,
  PRIMARY KEY (`id`)
) ENGINE=InnoDB AUTO_INCREMENT=10 DEFAULT CHARSET=latin1;
/*!40101 SET character_set_client = @saved_cs_client */;

--
-- Dumping data for table `campaign_export`
--

LOCK TABLES `campaign_export` WRITE;
/*!40000 ALTER TABLE `campaign_export` DISABLE KEYS */;
INSERT INTO `campaign_export` VALUES (1,36,'V1 (large)','01.11.2019','F36_family-kampagne-2-hj-2019_V1-large_01.11.2019.pdf.zip'),(2,40,'Version 0.01','05.11.2019','F40_zvv-nachtschwarmer-2019_Version-001_05.11.2019.pdf.zip'),(3,40,'0.02','05.11.2019','F40_zvv-nachtschwarmer-2019_002_05.11.2019.pdf.zip'),(4,36,'V1b','12.11.2019','F36_family-kampagne-2-hj-2019_V1b_12.11.2019.pdf.zip'),(5,42,'V 0.09','15.11.2019','F42_finanzberatung-2019_V-009_15.11.2019.pdf.zip'),(6,47,'1','26.11.2019','F47_test-4_1_26.11.2019.pdf.zip'),(7,36,'T1','30.11.2019','F36_family-kampagne-2-hj-2019_T1_30.11.2019.pdf.zip'),(8,42,'V 0.10','02.12.2019','F42_finanzberatung-2019_V-010_02.12.2019.pdf.zip'),(9,36,'V12','18.12.2019','F36_family-kampagne-2-hj-2019_V12_18.12.2019.pdf.zip');
/*!40000 ALTER TABLE `campaign_export` ENABLE KEYS */;
UNLOCK TABLES;

--
-- Table structure for table `campaign_service_groups_orders`
--

DROP TABLE IF EXISTS `campaign_service_groups_orders`;
/*!40101 SET @saved_cs_client     = @@character_set_client */;
/*!40101 SET character_set_client = utf8 */;
CREATE TABLE `campaign_service_groups_orders` (
  `ID` int(11) NOT NULL AUTO_INCREMENT,
  `channelID` int(11) NOT NULL DEFAULT '0',
  `groupID` int(11) NOT NULL DEFAULT '0',
  `sortOrder` int(11) NOT NULL DEFAULT '0',
  PRIMARY KEY (`ID`)
) ENGINE=InnoDB AUTO_INCREMENT=38 DEFAULT CHARSET=utf8;
/*!40101 SET character_set_client = @saved_cs_client */;

--
-- Dumping data for table `campaign_service_groups_orders`
--

LOCK TABLES `campaign_service_groups_orders` WRITE;
/*!40000 ALTER TABLE `campaign_service_groups_orders` DISABLE KEYS */;
INSERT INTO `campaign_service_groups_orders` VALUES (1,1,1,1),(2,3,3,1),(3,3,1,2),(4,4,1,1),(5,4,25,5),(6,3,2,2),(7,3,4,4),(8,3,26,4),(9,5,1,1),(10,5,2,2),(11,5,3,3),(12,5,4,4),(13,5,27,5),(14,1,2,2),(15,1,3,3),(16,1,4,4),(17,7,1,1),(18,7,2,2),(19,7,3,3),(20,7,4,4),(21,8,1,1),(22,8,2,2),(23,8,3,3),(24,8,4,4),(25,8,28,5),(26,9,1,1),(27,9,2,2),(28,9,3,3),(29,9,4,4),(30,14,1,1),(31,14,2,2),(32,14,3,3),(33,14,4,4),(34,2,1,1),(35,2,2,2),(36,2,3,3),(37,2,4,4);
/*!40000 ALTER TABLE `campaign_service_groups_orders` ENABLE KEYS */;
UNLOCK TABLES;

--
-- Table structure for table `campaigns`
--

DROP TABLE IF EXISTS `campaigns`;
/*!40101 SET @saved_cs_client     = @@character_set_client */;
/*!40101 SET character_set_client = utf8 */;
CREATE TABLE `campaigns` (
  `ID` int(11) NOT NULL AUTO_INCREMENT COMMENT 'Primary Key',
  `clientID` int(11) NOT NULL COMMENT 'FK of clients',
  `name` varchar(255) NOT NULL COMMENT 'Name of campaign',
  `statusID` int(11) NOT NULL DEFAULT '2' COMMENT 'FK of core_campaign_status',
  PRIMARY KEY (`ID`)
) ENGINE=InnoDB AUTO_INCREMENT=50 DEFAULT CHARSET=latin1;
/*!40101 SET character_set_client = @saved_cs_client */;

--
-- Dumping data for table `campaigns`
--

LOCK TABLES `campaigns` WRITE;
/*!40000 ALTER TABLE `campaigns` DISABLE KEYS */;
INSERT INTO `campaigns` VALUES (36,1,'Family Kampagne, 2. HJ 2019',4),(37,2,'Casinotheater 2019',1),(38,2,'Eigenheimwelt 2019 / Erstfinanzierer & Hypo 55+',4),(39,2,'TEST',1),(40,2,'ZVV Nachtschwärmer 2019',4),(41,2,'Test Finanzberatung',1),(42,2,'Finanzberatung 2019',2),(43,4,'TestK1',4),(44,4,'TestK2',4),(45,2,'Test2',4),(46,2,'TEST 3',4),(47,2,'TEST 4',4),(48,1,'Tessssst',1),(49,2,'Jubiläum 2020',1);
/*!40000 ALTER TABLE `campaigns` ENABLE KEYS */;
UNLOCK TABLES;

--
-- Table structure for table `campaigns_channels_version`
--

DROP TABLE IF EXISTS `campaigns_channels_version`;
/*!40101 SET @saved_cs_client     = @@character_set_client */;
/*!40101 SET character_set_client = utf8 */;
CREATE TABLE `campaigns_channels_version` (
  `ID` int(11) NOT NULL AUTO_INCREMENT COMMENT 'Primary Key',
  `channelID` int(11) NOT NULL COMMENT 'FK of campaign_channels',
  `userID` int(11) DEFAULT NULL COMMENT 'FK of core_rights_users',
  `versionNumber` varchar(255) NOT NULL DEFAULT '''V 0.1''' COMMENT 'Version number',
  `changedDateTime` timestamp NOT NULL DEFAULT CURRENT_TIMESTAMP COMMENT 'Changed time',
  PRIMARY KEY (`ID`)
) ENGINE=InnoDB AUTO_INCREMENT=15 DEFAULT CHARSET=latin1;
/*!40101 SET character_set_client = @saved_cs_client */;

--
-- Dumping data for table `campaigns_channels_version`
--

LOCK TABLES `campaigns_channels_version` WRITE;
/*!40000 ALTER TABLE `campaigns_channels_version` DISABLE KEYS */;
INSERT INTO `campaigns_channels_version` VALUES (1,1,6,'V 1.142','2019-11-12 23:00:00'),(2,2,3,'V 1.4','2019-11-26 23:00:00'),(3,3,13,'V 1.283','2019-11-04 23:00:00'),(4,4,3,'V 1.1','2019-10-31 23:00:00'),(5,5,13,'V 1.80','2019-11-04 23:00:00'),(6,6,21,'V 1.171','2019-11-13 23:00:00'),(7,7,18,'V 1.453','2019-11-18 23:00:00'),(8,8,12,'V 1.61','2019-11-16 23:00:00'),(9,9,1,'V 1.5','2019-11-17 23:00:00'),(10,10,3,'V 1.4','2019-12-01 23:00:00'),(11,11,3,'V 1.1','2019-11-17 23:00:00'),(12,12,3,'V 1.5','2019-11-28 23:00:00'),(13,13,13,'V 1.0','2019-11-17 23:00:00'),(14,14,13,'V 1.1416','2019-12-02 23:00:00');
/*!40000 ALTER TABLE `campaigns_channels_version` ENABLE KEYS */;
UNLOCK TABLES;

--
-- Table structure for table `clients`
--

DROP TABLE IF EXISTS `clients`;
/*!40101 SET @saved_cs_client     = @@character_set_client */;
/*!40101 SET character_set_client = utf8 */;
CREATE TABLE `clients` (
  `ID` int(11) NOT NULL AUTO_INCREMENT COMMENT 'Primary Key',
  `currencyID` int(11) NOT NULL COMMENT 'FK of core_currency',
  `name` varchar(255) NOT NULL COMMENT 'Name of client',
  `address` varchar(255) NOT NULL COMMENT 'Address of client',
  `zip` varchar(255) NOT NULL COMMENT 'Zip code',
  `city` varchar(255) NOT NULL COMMENT 'City',
  `logo` varchar(255) NOT NULL COMMENT 'Url of logo',
  `createdDateTime` timestamp NOT NULL DEFAULT CURRENT_TIMESTAMP COMMENT 'Created time',
  PRIMARY KEY (`ID`)
) ENGINE=InnoDB AUTO_INCREMENT=5 DEFAULT CHARSET=latin1;
/*!40101 SET character_set_client = @saved_cs_client */;

--
-- Dumping data for table `clients`
--

LOCK TABLES `clients` WRITE;
/*!40000 ALTER TABLE `clients` DISABLE KEYS */;
INSERT INTO `clients` VALUES (1,0,'Swiss Life AG','General-Guisan-Quai 40','8022','Zürich','/uploads/customer/Logos-Kunden-swisslife(GMT_1572611299).png','2019-11-01 12:27:16'),(2,0,'Zürcher Kantonalbank','Bahnhofstrasse 9','8001','Zürich','/uploads/customer/zurich-cantonal-bank-squarelogo-1434977112356(GMT_1574688435).png','2019-11-01 13:25:59'),(3,0,'Swisscanto by Zürcher Kantonalbank','Bahnhofstrasse 9','8001','Zürich','/uploads/customer/Logo_Swisscanto(GMT_1572615211).jpeg','2019-11-01 13:33:11'),(4,0,'Cembra Money Bank AG','Bändliweg 20','8048','Zürich','/uploads/customer/Logo_Cembra(GMT_1572617359).jpeg','2019-11-01 14:09:07');
/*!40000 ALTER TABLE `clients` ENABLE KEYS */;
UNLOCK TABLES;

--
-- Table structure for table `clients_con_services`
--

DROP TABLE IF EXISTS `clients_con_services`;
/*!40101 SET @saved_cs_client     = @@character_set_client */;
/*!40101 SET character_set_client = utf8 */;
CREATE TABLE `clients_con_services` (
  `ID` int(11) NOT NULL AUTO_INCREMENT COMMENT 'Primary Key',
  `clientID` int(11) NOT NULL COMMENT 'FK of clients',
  `groupType` enum('HOURLY_RATE','FIXED_RATE','PERCENTUAL_RATE') NOT NULL COMMENT 'FK of core_service_groups',
  `name` varchar(255) DEFAULT NULL COMMENT 'Name of con service',
  `defaultValue` double NOT NULL DEFAULT '0' COMMENT 'Cost value client has set',
  `isConstant` tinyint(1) DEFAULT '0' COMMENT 'True if constant',
  PRIMARY KEY (`ID`)
) ENGINE=InnoDB AUTO_INCREMENT=27 DEFAULT CHARSET=latin1;
/*!40101 SET character_set_client = @saved_cs_client */;

--
-- Dumping data for table `clients_con_services`
--

LOCK TABLES `clients_con_services` WRITE;
/*!40000 ALTER TABLE `clients_con_services` DISABLE KEYS */;
INSERT INTO `clients_con_services` VALUES (1,0,'HOURLY_RATE','Strategie',0,1),(2,0,'HOURLY_RATE','Planung',0,1),(3,0,'HOURLY_RATE','Setup',0,1),(4,0,'HOURLY_RATE','Bewirtschaftung',0,1),(5,0,'HOURLY_RATE','Analyse',0,1),(6,0,'HOURLY_RATE','Technischer Support',0,1),(7,0,'FIXED_RATE','Traffic-Kosten',0,1),(8,0,'PERCENTUAL_RATE','Honorar Auf Media n/n',0,1),(10,3,'HOURLY_RATE','Testing everything',0,0),(11,6,'HOURLY_RATE','Leistung',0,0),(14,7,'HOURLY_RATE','Review',0,0),(19,7,'HOURLY_RATE','Review 2',0,0),(21,0,'FIXED_RATE','Maintenance',0,1),(22,0,'PERCENTUAL_RATE','Zusatzhonorar',0,1),(23,12,'HOURLY_RATE','Monitoring',0,0),(24,12,'HOURLY_RATE','Monitoring 2',0,0),(25,16,'HOURLY_RATE','Media-Review',0,0),(26,1,'HOURLY_RATE','Review',0,0);
/*!40000 ALTER TABLE `clients_con_services` ENABLE KEYS */;
UNLOCK TABLES;

--
-- Table structure for table `clients_con_services_values`
--

DROP TABLE IF EXISTS `clients_con_services_values`;
/*!40101 SET @saved_cs_client     = @@character_set_client */;
/*!40101 SET character_set_client = utf8 */;
CREATE TABLE `clients_con_services_values` (
  `ID` int(11) NOT NULL AUTO_INCREMENT COMMENT 'Primary Key',
  `clientID` int(11) DEFAULT NULL,
  `conServiceID` int(11) NOT NULL COMMENT 'FK of clients_con_services',
  `value` double DEFAULT '0' COMMENT 'Value',
  `isFlatrate` tinyint(11) DEFAULT '0',
  PRIMARY KEY (`ID`)
) ENGINE=InnoDB AUTO_INCREMENT=43 DEFAULT CHARSET=latin1;
/*!40101 SET character_set_client = @saved_cs_client */;

--
-- Dumping data for table `clients_con_services_values`
--

LOCK TABLES `clients_con_services_values` WRITE;
/*!40000 ALTER TABLE `clients_con_services_values` DISABLE KEYS */;
INSERT INTO `clients_con_services_values` VALUES (1,1,1,180,1),(2,1,2,170,1),(3,1,3,170,1),(4,1,4,170,1),(5,1,5,170,1),(6,1,6,170,1),(7,1,7,0.05,1),(8,1,21,NULL,1),(9,1,8,3,1),(10,1,22,NULL,1),(11,1,26,170,1),(12,2,1,175,1),(13,2,2,175,1),(14,2,3,175,1),(15,2,4,175,1),(16,2,5,175,1),(17,2,6,175,1),(18,2,7,0.05,1),(19,2,21,NULL,1),(20,2,8,3.8,1),(21,2,22,NULL,1),(22,3,1,175,1),(23,3,2,175,1),(24,3,3,175,1),(25,3,4,175,1),(26,3,5,175,1),(27,3,6,175,1),(28,3,10,175,1),(29,3,7,0.05,1),(30,3,21,NULL,1),(31,3,8,3.8,1),(32,3,22,NULL,1),(33,4,1,170,1),(34,4,2,170,1),(35,4,3,170,1),(36,4,4,170,1),(37,4,5,170,1),(38,4,6,170,1),(39,4,7,0.05,1),(40,4,21,NULL,1),(41,4,8,2.5,1),(42,4,22,NULL,1);
/*!40000 ALTER TABLE `clients_con_services_values` ENABLE KEYS */;
UNLOCK TABLES;

--
-- Table structure for table `core_ad_groups`
--

DROP TABLE IF EXISTS `core_ad_groups`;
/*!40101 SET @saved_cs_client     = @@character_set_client */;
/*!40101 SET character_set_client = utf8 */;
CREATE TABLE `core_ad_groups` (
  `ID` int(11) NOT NULL AUTO_INCREMENT,
  `name` varchar(255) NOT NULL,
  PRIMARY KEY (`ID`)
) ENGINE=InnoDB DEFAULT CHARSET=latin1;
/*!40101 SET character_set_client = @saved_cs_client */;

--
-- Dumping data for table `core_ad_groups`
--

LOCK TABLES `core_ad_groups` WRITE;
/*!40000 ALTER TABLE `core_ad_groups` DISABLE KEYS */;
/*!40000 ALTER TABLE `core_ad_groups` ENABLE KEYS */;
UNLOCK TABLES;

--
-- Table structure for table `core_campaign_categories`
--

DROP TABLE IF EXISTS `core_campaign_categories`;
/*!40101 SET @saved_cs_client     = @@character_set_client */;
/*!40101 SET character_set_client = utf8 */;
CREATE TABLE `core_campaign_categories` (
  `ID` int(11) NOT NULL AUTO_INCREMENT COMMENT 'Primary Key',
  `name` varchar(255) NOT NULL COMMENT 'Name of category',
  `isConstant` tinyint(1) DEFAULT '0',
  PRIMARY KEY (`ID`)
) ENGINE=InnoDB AUTO_INCREMENT=59 DEFAULT CHARSET=latin1;
/*!40101 SET character_set_client = @saved_cs_client */;

--
-- Dumping data for table `core_campaign_categories`
--

LOCK TABLES `core_campaign_categories` WRITE;
/*!40000 ALTER TABLE `core_campaign_categories` DISABLE KEYS */;
INSERT INTO `core_campaign_categories` VALUES (1,'Display',1),(2,'Mobile',1),(3,'Branded Content',1),(4,'Social-Media',1),(18,'NewCate',0),(19,'Kei Ahnig',0),(20,'Mobile',0),(21,'Social-Media',0),(22,'Video',0),(23,'Pools',0),(25,'test 1237',0),(26,'test123aaa',0),(27,'23aefawef',0),(28,'ew',0),(29,'ttttttt',0),(31,'Branding Video',0),(32,'Reichweite Display & Mobile',0),(33,'GoLive Promo',0),(34,'AffinitÃƒÆ’Ã‚Â¤t AlwaysOn Display',0),(35,'AffinitÃƒÆ’Ã‚Â¤t Mobile Livetargeting',0),(36,'Mobile',0),(37,'Social-Media',0),(40,'test',0),(41,'Live-Targeting',0),(43,'Native',0),(44,'Erstfinanzierer - Display',0),(45,'Erstfinanzierer - Mobile',0),(46,'Erstfinanzierer - Social Media',0),(47,'Hypo 55 Plus - Display',0),(48,'Hypo 55 Plus - Branded Content',0),(49,'Erstfinanzierer & Hypo 55 Plus - Performance',0),(50,'Erstfinanzierer & Hypo 55 Plus - SEA',0),(51,'Display - TKP',0),(52,'Display - CPC',0),(53,'test',0),(54,'test1',0),(55,'test12',0),(56,'asdasdasd',0),(57,'dsfdsfsdf',0),(58,'Branding - Display & Mobile',0);
/*!40000 ALTER TABLE `core_campaign_categories` ENABLE KEYS */;
UNLOCK TABLES;

--
-- Table structure for table `core_campaign_status`
--

DROP TABLE IF EXISTS `core_campaign_status`;
/*!40101 SET @saved_cs_client     = @@character_set_client */;
/*!40101 SET character_set_client = utf8 */;
CREATE TABLE `core_campaign_status` (
  `ID` int(11) NOT NULL AUTO_INCREMENT COMMENT 'Primary',
  `status` varchar(255) NOT NULL COMMENT 'Name of status',
  PRIMARY KEY (`ID`)
) ENGINE=InnoDB AUTO_INCREMENT=5 DEFAULT CHARSET=latin1;
/*!40101 SET character_set_client = @saved_cs_client */;

--
-- Dumping data for table `core_campaign_status`
--

LOCK TABLES `core_campaign_status` WRITE;
/*!40000 ALTER TABLE `core_campaign_status` DISABLE KEYS */;
INSERT INTO `core_campaign_status` VALUES (1,'Inaktiv'),(2,'Aktiv'),(3,'Live'),(4,'Abgeschlossen');
/*!40000 ALTER TABLE `core_campaign_status` ENABLE KEYS */;
UNLOCK TABLES;

--
-- Table structure for table `core_con_rights_usergroups`
--

DROP TABLE IF EXISTS `core_con_rights_usergroups`;
/*!40101 SET @saved_cs_client     = @@character_set_client */;
/*!40101 SET character_set_client = utf8 */;
CREATE TABLE `core_con_rights_usergroups` (
  `ID` int(11) NOT NULL AUTO_INCREMENT COMMENT 'Primary Key',
  `userID` int(11) NOT NULL COMMENT 'FK of core_rights_users',
  `groupID` int(11) NOT NULL COMMENT 'FK of core_rights_groups',
  PRIMARY KEY (`ID`)
) ENGINE=InnoDB DEFAULT CHARSET=latin1;
/*!40101 SET character_set_client = @saved_cs_client */;

--
-- Dumping data for table `core_con_rights_usergroups`
--

LOCK TABLES `core_con_rights_usergroups` WRITE;
/*!40000 ALTER TABLE `core_con_rights_usergroups` DISABLE KEYS */;
/*!40000 ALTER TABLE `core_con_rights_usergroups` ENABLE KEYS */;
UNLOCK TABLES;

--
-- Table structure for table `core_currency`
--

DROP TABLE IF EXISTS `core_currency`;
/*!40101 SET @saved_cs_client     = @@character_set_client */;
/*!40101 SET character_set_client = utf8 */;
CREATE TABLE `core_currency` (
  `ID` int(11) NOT NULL AUTO_INCREMENT COMMENT 'Primary Key',
  `name` varchar(255) NOT NULL COMMENT 'Name of currency',
  `exchangeRate` double NOT NULL DEFAULT '1' COMMENT 'Exchange rate',
  PRIMARY KEY (`ID`)
) ENGINE=InnoDB AUTO_INCREMENT=4 DEFAULT CHARSET=latin1;
/*!40101 SET character_set_client = @saved_cs_client */;

--
-- Dumping data for table `core_currency`
--

LOCK TABLES `core_currency` WRITE;
/*!40000 ALTER TABLE `core_currency` DISABLE KEYS */;
INSERT INTO `core_currency` VALUES (1,'HKD',1.2),(2,'RMB',1.5),(3,'USD',1);
/*!40000 ALTER TABLE `core_currency` ENABLE KEYS */;
UNLOCK TABLES;

--
-- Table structure for table `core_lang`
--

DROP TABLE IF EXISTS `core_lang`;
/*!40101 SET @saved_cs_client     = @@character_set_client */;
/*!40101 SET character_set_client = utf8 */;
CREATE TABLE `core_lang` (
  `ID` int(11) NOT NULL AUTO_INCREMENT COMMENT 'Primary Key',
  `name` varchar(255) NOT NULL COMMENT 'name of language',
  PRIMARY KEY (`ID`)
) ENGINE=InnoDB DEFAULT CHARSET=latin1;
/*!40101 SET character_set_client = @saved_cs_client */;

--
-- Dumping data for table `core_lang`
--

LOCK TABLES `core_lang` WRITE;
/*!40000 ALTER TABLE `core_lang` DISABLE KEYS */;
/*!40000 ALTER TABLE `core_lang` ENABLE KEYS */;
UNLOCK TABLES;

--
-- Table structure for table `core_lang_text`
--

DROP TABLE IF EXISTS `core_lang_text`;
/*!40101 SET @saved_cs_client     = @@character_set_client */;
/*!40101 SET character_set_client = utf8 */;
CREATE TABLE `core_lang_text` (
  `ID` int(11) NOT NULL AUTO_INCREMENT COMMENT 'Primary Key',
  `langID` int(11) NOT NULL COMMENT 'FK of core_lang',
  `group` varchar(255) NOT NULL COMMENT 'Name of group',
  `element` varchar(255) NOT NULL COMMENT 'Name of element',
  `value` varchar(255) NOT NULL COMMENT 'Translated text',
  PRIMARY KEY (`ID`)
) ENGINE=InnoDB DEFAULT CHARSET=latin1;
/*!40101 SET character_set_client = @saved_cs_client */;

--
-- Dumping data for table `core_lang_text`
--

LOCK TABLES `core_lang_text` WRITE;
/*!40000 ALTER TABLE `core_lang_text` DISABLE KEYS */;
/*!40000 ALTER TABLE `core_lang_text` ENABLE KEYS */;
UNLOCK TABLES;

--
-- Table structure for table `core_regions`
--

DROP TABLE IF EXISTS `core_regions`;
/*!40101 SET @saved_cs_client     = @@character_set_client */;
/*!40101 SET character_set_client = utf8 */;
CREATE TABLE `core_regions` (
  `ID` int(11) NOT NULL AUTO_INCREMENT,
  `name` varchar(255) NOT NULL COMMENT 'Name of region',
  PRIMARY KEY (`ID`)
) ENGINE=InnoDB AUTO_INCREMENT=4 DEFAULT CHARSET=latin1;
/*!40101 SET character_set_client = @saved_cs_client */;

--
-- Dumping data for table `core_regions`
--

LOCK TABLES `core_regions` WRITE;
/*!40000 ALTER TABLE `core_regions` DISABLE KEYS */;
INSERT INTO `core_regions` VALUES (1,'D-CH'),(2,'F-CH'),(3,'I-CH');
/*!40000 ALTER TABLE `core_regions` ENABLE KEYS */;
UNLOCK TABLES;

--
-- Table structure for table `core_rights_groups`
--

DROP TABLE IF EXISTS `core_rights_groups`;
/*!40101 SET @saved_cs_client     = @@character_set_client */;
/*!40101 SET character_set_client = utf8 */;
CREATE TABLE `core_rights_groups` (
  `ID` int(11) NOT NULL AUTO_INCREMENT COMMENT 'Primary key',
  `name` varchar(255) NOT NULL COMMENT 'Name of group',
  PRIMARY KEY (`ID`)
) ENGINE=InnoDB AUTO_INCREMENT=3 DEFAULT CHARSET=latin1;
/*!40101 SET character_set_client = @saved_cs_client */;

--
-- Dumping data for table `core_rights_groups`
--

LOCK TABLES `core_rights_groups` WRITE;
/*!40000 ALTER TABLE `core_rights_groups` DISABLE KEYS */;
INSERT INTO `core_rights_groups` VALUES (1,'Adminstrators'),(2,'Planners');
/*!40000 ALTER TABLE `core_rights_groups` ENABLE KEYS */;
UNLOCK TABLES;

--
-- Table structure for table `core_rights_usergroups`
--

DROP TABLE IF EXISTS `core_rights_usergroups`;
/*!40101 SET @saved_cs_client     = @@character_set_client */;
/*!40101 SET character_set_client = utf8 */;
CREATE TABLE `core_rights_usergroups` (
  `ID` int(255) NOT NULL AUTO_INCREMENT,
  `userID` int(11) NOT NULL,
  `groupID` int(11) NOT NULL,
  PRIMARY KEY (`ID`)
) ENGINE=InnoDB AUTO_INCREMENT=24 DEFAULT CHARSET=latin1;
/*!40101 SET character_set_client = @saved_cs_client */;

--
-- Dumping data for table `core_rights_usergroups`
--

LOCK TABLES `core_rights_usergroups` WRITE;
/*!40000 ALTER TABLE `core_rights_usergroups` DISABLE KEYS */;
INSERT INTO `core_rights_usergroups` VALUES (1,1,1),(2,2,1),(3,3,1),(4,4,1),(5,5,1),(6,6,1),(7,7,1),(8,8,1),(9,9,1),(10,10,1),(11,11,1),(12,12,1),(13,12,1),(14,13,2),(15,14,1),(16,15,2),(17,16,1),(18,17,2),(19,18,2),(20,19,2),(21,20,2),(22,21,2),(23,22,2);
/*!40000 ALTER TABLE `core_rights_usergroups` ENABLE KEYS */;
UNLOCK TABLES;

--
-- Table structure for table `core_rights_users`
--

DROP TABLE IF EXISTS `core_rights_users`;
/*!40101 SET @saved_cs_client     = @@character_set_client */;
/*!40101 SET character_set_client = utf8 */;
CREATE TABLE `core_rights_users` (
  `ID` int(11) NOT NULL AUTO_INCREMENT COMMENT 'Primary Key',
  `statusID` int(11) NOT NULL COMMENT 'FK of core_rights_userstatus',
  `email` varchar(255) NOT NULL COMMENT 'Email for login',
  `username` varchar(255) NOT NULL COMMENT 'User by email',
  `password` varchar(255) NOT NULL COMMENT 'Pass for login',
  `firstname` varchar(255) NOT NULL COMMENT 'First name',
  `lastname` varchar(255) NOT NULL COMMENT 'Last name',
  `initials` varchar(255) NOT NULL COMMENT 'User initials',
  `picture` varchar(255) NOT NULL COMMENT 'Url of user picture',
  `group_name` varchar(255) NOT NULL DEFAULT 'Adminstrators',
  `hasAPI` tinyint(1) NOT NULL COMMENT 'True if using API',
  `tokenKey` varchar(255) NOT NULL COMMENT 'API token',
  `rememberToken` varchar(255) DEFAULT NULL,
  `createdDateTime` timestamp NOT NULL DEFAULT CURRENT_TIMESTAMP COMMENT 'Created time',
  PRIMARY KEY (`ID`)
) ENGINE=InnoDB AUTO_INCREMENT=23 DEFAULT CHARSET=latin1;
/*!40101 SET character_set_client = @saved_cs_client */;

--
-- Dumping data for table `core_rights_users`
--

LOCK TABLES `core_rights_users` WRITE;
/*!40000 ALTER TABLE `core_rights_users` DISABLE KEYS */;
INSERT INTO `core_rights_users` VALUES (1,1,'wangyi_1986@hotmail.com','protest','$2y$10$DEUYCNlJXQEg.3brGHuqnue/Mlyxz8mF3Xz/k8Pcg68qsTe7IjYM.','John','Smith','JS','/uploads/user/google(GMT_1553484636).png','Adminstrators',1,'d4989288d2','7YNFQE8cZdHzQiru1TUK20GaCrXUBxXOs2B3ODOjd1igRouypMWsobHY6PE7','2019-03-25 15:14:18'),(3,1,'g.colle@guycolle.com','','$2y$10$XdWrpKDwbNRKnfS/Ng9YIeMZjtBNOQ7LtlMpRhX8qb1M.qFouTfCe','Guy','Collé','GC','/uploads/user/guy-colle(GMT_1560841921).jpg','Adminstrators',1,'7a68d3d6ae','hHfaaUNAVBsWNKXN0jj5G60J5Ww36dYKwtvnrLnyG3BHTyEBX4CQsFDBy24S','2019-04-24 09:57:15'),(5,2,'marco.hochstrasser@nexoya.com','','$2y$10$X7DlATwTtulHWq0omFqS.eMb.NfXZG/ke9Cd9vZQGca2lXkf7gz4a','Marco','Hochstrasser','MH','/uploads/user/default.jpg','Adminstrators',1,'171229a7c0',NULL,'2019-05-08 05:34:16'),(6,1,'jorgella@thehouse.agency','','$2y$10$0V7Iphq0gcLEVcJ7KPK23eNEN.6NPVCobLwROWAZSdjiXPQ6hzP4O','Andreas','Jorgella','AJ','/uploads/user/Trooper(GMT_1558004542).gif','Adminstrators',1,'d511ae5063','ZWrNQhxL2FDZBp7izxHumRXCVlvMQHCY9doJUGdCetM3toSqU4mIQr7ALFBH','2019-05-14 01:57:39'),(12,1,'marco.hochstrasser','','$2y$10$djsFmnXDnRtSZ3QOJFLUIuLcY2SZCpr7v3i7clt3nUOpq1j.FbLAG','Marco','Hochstrasser','MH','/uploads/user/default.jpg','Adminstrators',1,'22ea56899b','zID7uc1kwNcWHqjtCx3HE2BssUoj6fpQWaaQwBvpCyPEiq8n6f5kzjy4HxPA','2019-07-09 02:24:24'),(13,1,'meister@thehouse.agency','','$2y$10$Vd6MYynH5p7QlyTXZUYARep2mYAC4ojn4Q60EYxc8hTwVpGwzkufi','Sara','Meister','SAM','/uploads/user/default.jpg','Planners',1,'8f1932112f','if8RfuJ5FfaQ6FcaGzkAPk0f9KDvrNMsprEweMx3xmH9rsLUKiuWNG5R5w5s','2019-07-19 06:01:43'),(14,1,'s.stirnemann@guycolle.com','','$2y$10$Twr.CiAHba2YMoTovmnqNeyCxXy5z8QjiXFv1vdSuDRJqVqy3VXVm','Sven','Stirnemann','SS','/uploads/user/default.jpg','Adminstrators',1,'14f4f7a57a','nm9ykdtESbhEEjolCMuCjN4lL0ICHG37SvQQxwInkFScGWO3dHhlE7A3kGQR','2019-07-25 03:07:16'),(16,1,'suter@thehouse.agency','','$2y$10$7SOPTq3M4bG7.6DF3v7yM./R1L8F1mKl0WGhLNqM3YPm57QmJ7F.a','Stephan','Suter','STS','/uploads/user/Screenshot_01_11_19__13_23(GMT_1572611159).png','Adminstrators',1,'3f9c5eb34d','7I27v8w4v6HbivsMJqucBVX7cSne6XWTrPJnOdCMPTMxwShxWQE02y1tbUtX','2019-10-03 19:57:17'),(18,1,'storrer@thehouse.agency','','$2y$10$awtBLk06BlozU.w3NLjDm.SYGVbgROck4GvsylKNwGd4BMKkVrrIm','Luzian','Storrer','LUS','/uploads/user/default.jpg','Planners',1,'916241811b','3QWIk1TvtvAueUggGUNypQ2rcxKDt9rTiSreVOrwigsaCZH0ri1aeM6dBNYj','2019-11-04 16:36:36'),(19,1,'nussbaumer@thehouse.agency','','$2y$10$7yuZCzvEd8XzixLCW4R43OzU2K.TvDpj.gzpuyetItcjdKIiMahZW','Daniel','Nussbaumer','DAN','/uploads/user/default.jpg','Planners',1,'2b6a093e37','aFmRXLl39HAFkf1f39VQM9TYsIjmooAE8fg3rZSp33jjiSCTzNFm5FTSQKJO','2019-11-04 16:38:43'),(20,1,'hofmann@thehouse.agency','','$2y$10$0hV2t1s5UKx5vHmnQ2yqCeH1O6UHQHMAdyVhKbt6DNM9KYNwkK/Hu','Verena','Hofmann','VEH','/uploads/user/default.jpg','Planners',1,'e991fdf101','D8mmdOOby9s45Hcub9nojJg9OAOmj4bSO2xgTQMh4HG6Omh5SVuIybcVOYQQ','2019-11-04 16:40:38'),(21,1,'caleta@thehouse.agency','','$2y$10$F2Nb/gt/2xzbFgwb7iofue8VkgVGaGPCDpq6bUY215AEy/vUcTNM2','Nikolina','Caleta','NIC','/uploads/user/default.jpg','Planners',1,'a68cad7b38','tquoMik33KmG1VXoX0FFHMeRAqMHp9rIDnMDafDX8XLTjjKOhFCmEPO8TpcL','2019-11-04 16:42:33'),(22,1,'planer@gmail.com','','$2y$10$NRmtS8M2ZlRCAImtG.XlMul2IjNh0Ystxq.XwpHe7ik.J2cb3uLqe','planner','test','plan','/uploads/user/default.jpg','Planners',1,'7f50be721b',NULL,'2019-11-05 03:35:57');
/*!40000 ALTER TABLE `core_rights_users` ENABLE KEYS */;
UNLOCK TABLES;

--
-- Table structure for table `core_rights_userstatus`
--

DROP TABLE IF EXISTS `core_rights_userstatus`;
/*!40101 SET @saved_cs_client     = @@character_set_client */;
/*!40101 SET character_set_client = utf8 */;
CREATE TABLE `core_rights_userstatus` (
  `ID` int(11) NOT NULL AUTO_INCREMENT COMMENT 'Primary Key',
  `status` varchar(255) NOT NULL COMMENT 'Name of status',
  PRIMARY KEY (`ID`)
) ENGINE=InnoDB AUTO_INCREMENT=4 DEFAULT CHARSET=latin1;
/*!40101 SET character_set_client = @saved_cs_client */;

--
-- Dumping data for table `core_rights_userstatus`
--

LOCK TABLES `core_rights_userstatus` WRITE;
/*!40000 ALTER TABLE `core_rights_userstatus` DISABLE KEYS */;
INSERT INTO `core_rights_userstatus` VALUES (1,'Active'),(2,'Inactive'),(3,'Locked');
/*!40000 ALTER TABLE `core_rights_userstatus` ENABLE KEYS */;
UNLOCK TABLES;

--
-- Table structure for table `core_service_groups`
--

DROP TABLE IF EXISTS `core_service_groups`;
/*!40101 SET @saved_cs_client     = @@character_set_client */;
/*!40101 SET character_set_client = utf8 */;
CREATE TABLE `core_service_groups` (
  `ID` int(11) NOT NULL AUTO_INCREMENT COMMENT 'Primary Key',
  `channelID` int(11) NOT NULL COMMENT 'FK of campaigns_channels',
  `name` varchar(255) NOT NULL COMMENT 'Name of group',
  `value` enum('HOURLY_RATE','FIXED_RATE','PERCENTUAL_RATE') NOT NULL COMMENT 'Value type of group',
  `isConstant` tinyint(1) NOT NULL DEFAULT '0' COMMENT 'True if constant',
  PRIMARY KEY (`ID`)
) ENGINE=InnoDB AUTO_INCREMENT=29 DEFAULT CHARSET=latin1;
/*!40101 SET character_set_client = @saved_cs_client */;

--
-- Dumping data for table `core_service_groups`
--

LOCK TABLES `core_service_groups` WRITE;
/*!40000 ALTER TABLE `core_service_groups` DISABLE KEYS */;
INSERT INTO `core_service_groups` VALUES (1,0,'Planung & Setup','HOURLY_RATE',1),(2,0,'Bewirtschaftung','HOURLY_RATE',1),(3,0,'Technische Kosten','FIXED_RATE',1),(4,0,'Media-Honorar','PERCENTUAL_RATE',1),(6,24,'test','HOURLY_RATE',0),(9,23,'test1','HOURLY_RATE',0),(10,23,'test2','HOURLY_RATE',0),(11,23,'test3','HOURLY_RATE',0),(12,23,'test4','HOURLY_RATE',0),(14,24,'TestG','HOURLY_RATE',0),(17,24,'QQQ','HOURLY_RATE',0),(18,24,'QTS','HOURLY_RATE',0),(19,27,'Strategie','HOURLY_RATE',0),(20,27,'Bewirtschaftung 2','HOURLY_RATE',0),(23,59,'neu','HOURLY_RATE',0),(24,59,'neu','HOURLY_RATE',0),(25,4,'Test 1','HOURLY_RATE',0),(26,3,'Planung & Setup','HOURLY_RATE',0),(27,5,'Print Abzug','HOURLY_RATE',0),(28,8,'Hosting VideoHeader','HOURLY_RATE',0);
/*!40000 ALTER TABLE `core_service_groups` ENABLE KEYS */;
UNLOCK TABLES;

--
-- Table structure for table `core_service_groups_items`
--

DROP TABLE IF EXISTS `core_service_groups_items`;
/*!40101 SET @saved_cs_client     = @@character_set_client */;
/*!40101 SET character_set_client = utf8 */;
CREATE TABLE `core_service_groups_items` (
  `ID` int(11) NOT NULL AUTO_INCREMENT COMMENT 'Primary Key',
  `groupID` int(11) NOT NULL COMMENT 'FK of core_service_groups',
  `channelID` int(11) NOT NULL,
  `name` varchar(255) NOT NULL COMMENT 'Name of item',
  `value` enum('HOURLY_RATE','FIXED_RATE','PERCENTUAL_RATE') NOT NULL,
  `sortOrder` int(11) DEFAULT NULL,
  `isConstant` tinyint(1) NOT NULL DEFAULT '0',
  `createdDateTime` timestamp NOT NULL DEFAULT CURRENT_TIMESTAMP COMMENT 'Created time',
  PRIMARY KEY (`ID`)
) ENGINE=InnoDB AUTO_INCREMENT=104 DEFAULT CHARSET=latin1;
/*!40101 SET character_set_client = @saved_cs_client */;

--
-- Dumping data for table `core_service_groups_items`
--

LOCK TABLES `core_service_groups_items` WRITE;
/*!40000 ALTER TABLE `core_service_groups_items` DISABLE KEYS */;
INSERT INTO `core_service_groups_items` VALUES (1,2,0,'Bewirtschaftung','HOURLY_RATE',1,1,'2019-03-08 18:00:00'),(2,3,0,'Traffic-Kosten','FIXED_RATE',1,1,'2019-03-08 18:00:00'),(3,4,0,'Honorar auf Media N/N','PERCENTUAL_RATE',1,1,'2019-03-08 18:00:00'),(7,6,24,'Mediaplanung & Verhandlung','HOURLY_RATE',NULL,0,'2019-03-29 10:51:30'),(8,8,24,'Kampagnen-SetUp Social-Media','HOURLY_RATE',NULL,0,'2019-03-31 10:27:26'),(9,9,23,'Optimierung & Reporting','HOURLY_RATE',NULL,0,'2019-03-31 10:29:15'),(10,9,23,'Kampagnen-SetUp Display-Media','HOURLY_RATE',NULL,0,'2019-03-31 10:29:15'),(11,10,23,'Kampagnen-SetUp Social-Media','HOURLY_RATE',NULL,0,'2019-03-31 10:29:15'),(12,11,23,'Kampagnen-SetUp Social-Media','HOURLY_RATE',NULL,0,'2019-03-31 10:30:43'),(13,12,23,'Kampagnen-SetUp Display-Media','HOURLY_RATE',NULL,0,'2019-03-31 10:30:43'),(14,1,6,'Planung','HOURLY_RATE',NULL,0,'2019-05-07 18:36:56'),(15,1,6,'Strategie','HOURLY_RATE',NULL,0,'2019-05-07 18:36:56'),(16,1,25,'Analyse','HOURLY_RATE',NULL,0,'2019-05-14 04:59:00'),(17,1,25,'Setup','HOURLY_RATE',NULL,0,'2019-05-14 04:59:00'),(18,1,25,'Strategie','HOURLY_RATE',NULL,0,'2019-05-14 04:59:00'),(19,1,27,'Review','HOURLY_RATE',NULL,0,'2019-05-20 20:47:58'),(23,1,38,'Testing everything','HOURLY_RATE',NULL,0,'2019-06-06 07:48:44'),(24,1,38,'Technischer Support','HOURLY_RATE',NULL,0,'2019-06-06 07:48:44'),(25,1,38,'Analyse','HOURLY_RATE',NULL,0,'2019-06-06 07:48:44'),(26,1,38,'Bewirtschaftung','HOURLY_RATE',NULL,0,'2019-06-06 07:48:44'),(27,1,38,'Setup','HOURLY_RATE',NULL,0,'2019-06-06 07:48:44'),(28,1,38,'Planung','HOURLY_RATE',NULL,0,'2019-06-06 07:48:44'),(29,1,38,'Strategie','HOURLY_RATE',NULL,0,'2019-06-06 07:48:44'),(30,1,27,'Strategie','HOURLY_RATE',NULL,0,'2019-06-27 07:36:50'),(31,1,27,'Planung','HOURLY_RATE',NULL,0,'2019-06-27 07:36:50'),(32,1,27,'Setup','HOURLY_RATE',NULL,0,'2019-06-27 07:36:50'),(33,1,27,'Bewirtschaftung','HOURLY_RATE',NULL,0,'2019-06-27 07:36:50'),(34,19,27,'Strategie','HOURLY_RATE',NULL,0,'2019-06-27 07:44:00'),(35,19,27,'Setup','HOURLY_RATE',NULL,0,'2019-06-27 07:44:00'),(36,19,27,'Analyse','HOURLY_RATE',NULL,0,'2019-06-27 07:44:00'),(37,19,27,'Planung','HOURLY_RATE',NULL,0,'2019-06-27 07:44:00'),(38,4,27,'Zusatzhonorar','HOURLY_RATE',NULL,0,'2019-06-27 09:07:16'),(39,20,27,'Planung','HOURLY_RATE',NULL,0,'2019-06-28 04:33:17'),(40,3,0,'Maintenance','FIXED_RATE',2,1,'2019-03-08 18:00:00'),(41,4,0,'Zusatzhonorar','PERCENTUAL_RATE',2,1,'2019-03-08 18:00:00'),(42,1,46,'Planung','HOURLY_RATE',NULL,0,'2019-07-04 13:36:32'),(43,1,46,'Bewirtschaftung','HOURLY_RATE',NULL,0,'2019-07-04 13:36:32'),(44,1,45,'Strategie','HOURLY_RATE',NULL,0,'2019-07-04 13:48:14'),(45,1,46,'Setup','HOURLY_RATE',NULL,0,'2019-07-04 23:17:11'),(46,1,51,'Strategie','HOURLY_RATE',NULL,0,'2019-07-19 06:54:18'),(47,1,51,'Planung','HOURLY_RATE',NULL,0,'2019-07-19 06:54:18'),(48,1,51,'Setup','HOURLY_RATE',NULL,0,'2019-07-19 06:54:18'),(49,1,51,'Analyse','HOURLY_RATE',NULL,0,'2019-07-19 06:54:18'),(50,3,45,'test','HOURLY_RATE',NULL,0,'2019-08-15 01:44:36'),(51,1,57,'Strategie','HOURLY_RATE',NULL,0,'2019-09-23 21:46:07'),(52,1,57,'TEST','HOURLY_RATE',NULL,0,'2019-09-23 21:46:07'),(53,1,57,'TEST2','HOURLY_RATE',NULL,0,'2019-09-23 21:46:07'),(56,1,58,'Strategie','HOURLY_RATE',2,0,'2019-10-06 20:24:29'),(57,1,58,'Planung','HOURLY_RATE',1,0,'2019-10-06 20:24:29'),(58,1,58,'Einkauf & Verhandlung','HOURLY_RATE',3,0,'2019-10-06 20:24:29'),(59,1,58,'SetUp System & Plattforms','HOURLY_RATE',4,0,'2019-10-06 20:24:29'),(60,1,61,'Planung','HOURLY_RATE',NULL,0,'2019-10-15 00:57:53'),(61,1,61,'Setup','HOURLY_RATE',NULL,0,'2019-10-15 00:57:53'),(62,1,58,'Analyse','HOURLY_RATE',5,0,'2019-10-24 12:43:42'),(64,1,58,'Bewirtschaftung','HOURLY_RATE',6,0,'2019-10-24 12:43:42'),(65,1,62,'Analyse','HOURLY_RATE',NULL,0,'2019-10-24 12:47:21'),(66,1,62,'Bewirtschaftung','HOURLY_RATE',NULL,0,'2019-10-24 12:47:21'),(67,1,62,'Planung','HOURLY_RATE',NULL,0,'2019-10-24 12:47:21'),(68,3,58,'dfsgdhfjg','HOURLY_RATE',3,0,'2019-10-24 12:54:44'),(69,4,58,'sdfsdf','HOURLY_RATE',3,0,'2019-10-24 12:55:55'),(70,1,58,'Setup','HOURLY_RATE',7,0,'2019-10-24 13:03:11'),(71,1,58,'ABC','HOURLY_RATE',8,0,'2019-10-24 13:03:11'),(72,3,58,'Need to be empty after adding','HOURLY_RATE',4,0,'2019-10-24 13:03:11'),(73,3,58,'sdfsdfsdf','HOURLY_RATE',5,0,'2019-10-24 13:03:11'),(74,1,63,'Planung & Verhandlung','HOURLY_RATE',NULL,0,'2019-10-24 20:35:22'),(75,1,63,'Kampagnensetup Adserver','HOURLY_RATE',NULL,0,'2019-10-24 20:35:22'),(76,1,63,'Kampagnensetup Social','HOURLY_RATE',NULL,0,'2019-10-24 20:35:22'),(77,1,64,'Mediaplanung & Verhandlung','HOURLY_RATE',NULL,0,'2019-10-25 14:07:42'),(78,1,64,'Kampagnensetup Adserver','HOURLY_RATE',NULL,0,'2019-10-25 14:07:42'),(79,1,64,'Kampagnensetup Social Media','HOURLY_RATE',NULL,0,'2019-10-25 14:07:42'),(80,1,65,'Planung','HOURLY_RATE',NULL,0,'2019-10-29 17:44:13'),(81,1,65,'Setup','HOURLY_RATE',NULL,0,'2019-10-29 17:44:13'),(82,1,66,'Planung','HOURLY_RATE',NULL,0,'2019-10-29 21:50:48'),(83,1,66,'Setup','HOURLY_RATE',NULL,0,'2019-10-29 21:50:48'),(84,25,4,'Analyse','HOURLY_RATE',NULL,0,'2019-11-01 15:48:21'),(85,25,4,'gegeg','HOURLY_RATE',NULL,0,'2019-11-01 15:48:21'),(86,26,3,'Planung','HOURLY_RATE',NULL,0,'2019-11-05 09:23:26'),(87,26,3,'Setup Adserver & Social','HOURLY_RATE',NULL,0,'2019-11-05 09:23:26'),(88,1,5,'Mediaplanung & Verhandlung','HOURLY_RATE',1,0,'2019-11-05 10:21:41'),(89,1,5,'Kampagnensetup Adserver','HOURLY_RATE',2,0,'2019-11-05 10:21:41'),(90,1,5,'Kampagnensetup Social','HOURLY_RATE',3,0,'2019-11-05 10:21:41'),(91,27,5,'Jahresdeal','HOURLY_RATE',NULL,0,'2019-11-05 11:04:59'),(92,1,1,'Strategie','HOURLY_RATE',1,0,'2019-11-13 14:01:19'),(93,1,1,'Planung','HOURLY_RATE',2,0,'2019-11-13 14:01:19'),(94,1,1,'Technischer Support','HOURLY_RATE',3,0,'2019-11-13 14:01:19'),(95,1,7,'Mediaplanung & Verhandlung','HOURLY_RATE',1,0,'2019-11-15 09:55:55'),(96,1,7,'Setup Adserver & Social','HOURLY_RATE',2,0,'2019-11-15 09:55:55'),(97,1,8,'Planung','HOURLY_RATE',1,0,'2019-11-15 13:33:42'),(98,1,8,'Setup','HOURLY_RATE',2,0,'2019-11-15 13:33:42'),(99,28,8,'Technischer Support','HOURLY_RATE',NULL,0,'2019-11-15 13:52:03'),(100,28,8,'Setup Social Media','HOURLY_RATE',NULL,0,'2019-11-15 13:52:03'),(101,1,8,'Erstellung VideoHeader','HOURLY_RATE',3,0,'2019-11-15 13:52:03'),(102,1,14,'Mediaplanung & Verhandlung','HOURLY_RATE',1,0,'2019-11-21 14:32:05'),(103,1,14,'Setup Adserver & Social','HOURLY_RATE',2,0,'2019-11-21 14:32:05');
/*!40000 ALTER TABLE `core_service_groups_items` ENABLE KEYS */;
UNLOCK TABLES;

--
-- Table structure for table `core_service_selectable_items`
--

DROP TABLE IF EXISTS `core_service_selectable_items`;
/*!40101 SET @saved_cs_client     = @@character_set_client */;
/*!40101 SET character_set_client = utf8 */;
CREATE TABLE `core_service_selectable_items` (
  `ID` int(11) DEFAULT NULL,
  `name` varchar(255) DEFAULT NULL,
  `value` enum('HOURLY_RATE','FIXED_RATE','PERCENTUAL_RATE') DEFAULT NULL,
  `isConstant` tinyint(1) DEFAULT '0'
) ENGINE=InnoDB DEFAULT CHARSET=latin1;
/*!40101 SET character_set_client = @saved_cs_client */;

--
-- Dumping data for table `core_service_selectable_items`
--

LOCK TABLES `core_service_selectable_items` WRITE;
/*!40000 ALTER TABLE `core_service_selectable_items` DISABLE KEYS */;
/*!40000 ALTER TABLE `core_service_selectable_items` ENABLE KEYS */;
UNLOCK TABLES;

--
-- Table structure for table `core_vat`
--

DROP TABLE IF EXISTS `core_vat`;
/*!40101 SET @saved_cs_client     = @@character_set_client */;
/*!40101 SET character_set_client = utf8 */;
CREATE TABLE `core_vat` (
  `ID` int(11) NOT NULL AUTO_INCREMENT COMMENT 'Primary Key',
  `name` varchar(255) NOT NULL COMMENT 'Name of group',
  `value` double NOT NULL COMMENT 'Value added tax',
  `vaildUntil` datetime NOT NULL COMMENT 'Valid until this time',
  PRIMARY KEY (`ID`)
) ENGINE=InnoDB DEFAULT CHARSET=latin1;
/*!40101 SET character_set_client = @saved_cs_client */;

--
-- Dumping data for table `core_vat`
--

LOCK TABLES `core_vat` WRITE;
/*!40000 ALTER TABLE `core_vat` DISABLE KEYS */;
/*!40000 ALTER TABLE `core_vat` ENABLE KEYS */;
UNLOCK TABLES;

--
-- Table structure for table `password_resets`
--

DROP TABLE IF EXISTS `password_resets`;
/*!40101 SET @saved_cs_client     = @@character_set_client */;
/*!40101 SET character_set_client = utf8 */;
CREATE TABLE `password_resets` (
  `id` int(11) NOT NULL,
  `email` varchar(255) DEFAULT NULL,
  `token` varchar(255) DEFAULT NULL,
  `created_at` varchar(255) DEFAULT NULL,
  PRIMARY KEY (`id`)
) ENGINE=InnoDB DEFAULT CHARSET=latin1;
/*!40101 SET character_set_client = @saved_cs_client */;

--
-- Dumping data for table `password_resets`
--

LOCK TABLES `password_resets` WRITE;
/*!40000 ALTER TABLE `password_resets` DISABLE KEYS */;
INSERT INTO `password_resets` VALUES (0,'wangyi_1986@hotmail.com','$2y$10$X4YIjM.nF9N4z4wl.uchxur5YLiuEE4l5QQ2Gzw4jOC.XSgepQL3a','2019-10-30 16:05:32');
/*!40000 ALTER TABLE `password_resets` ENABLE KEYS */;
UNLOCK TABLES;

--
-- Table structure for table `s_core_ad_formats`
--

DROP TABLE IF EXISTS `s_core_ad_formats`;
/*!40101 SET @saved_cs_client     = @@character_set_client */;
/*!40101 SET character_set_client = utf8 */;
CREATE TABLE `s_core_ad_formats` (
  `ID` int(11) NOT NULL AUTO_INCREMENT COMMENT 'Primary Key',
  `name` varchar(255) NOT NULL COMMENT 'Ad format',
  `adGroupID` int(11) NOT NULL COMMENT 'FK of core_ad_groups',
  PRIMARY KEY (`ID`)
) ENGINE=InnoDB AUTO_INCREMENT=14 DEFAULT CHARSET=latin1;
/*!40101 SET character_set_client = @saved_cs_client */;

--
-- Dumping data for table `s_core_ad_formats`
--

LOCK TABLES `s_core_ad_formats` WRITE;
/*!40000 ALTER TABLE `s_core_ad_formats` DISABLE KEYS */;
INSERT INTO `s_core_ad_formats` VALUES (1,'Skyscraper 160x600',1),(2,'Wideboard 994x250',1),(3,'Rectangle 300x250',1),(5,'Leaderboard 728x90',1),(6,'Mobile Rectangle 300x250',1),(7,'Mobile Wideboard 320x160',1),(8,'Branded Content Teaser & Splashsite',1),(9,'Facebook Bild & Text',1),(10,'Facebook Video & Text',1),(11,'Instagram Bild & Text',1),(12,'Instagram Video & Text',1),(13,'Halfpage 300x600',1);
/*!40000 ALTER TABLE `s_core_ad_formats` ENABLE KEYS */;
UNLOCK TABLES;
/*!40103 SET TIME_ZONE=@OLD_TIME_ZONE */;

/*!40101 SET SQL_MODE=@OLD_SQL_MODE */;
/*!40014 SET FOREIGN_KEY_CHECKS=@OLD_FOREIGN_KEY_CHECKS */;
/*!40014 SET UNIQUE_CHECKS=@OLD_UNIQUE_CHECKS */;
/*!40101 SET CHARACTER_SET_CLIENT=@OLD_CHARACTER_SET_CLIENT */;
/*!40101 SET CHARACTER_SET_RESULTS=@OLD_CHARACTER_SET_RESULTS */;
/*!40101 SET COLLATION_CONNECTION=@OLD_COLLATION_CONNECTION */;
/*!40111 SET SQL_NOTES=@OLD_SQL_NOTES */;

-- Dump completed on 2019-12-03 10:46:55
